CustomerID,CustomerName,Gender,City,RegionID,CustomerSegment,RegistrationDate,Email,Phone,IsActive
1,ناصر العتيبي,Male,الدمام,3,Regular,2024-05-31,customer1@example.com,0558942697,1
2,فيصل الشمري,Male,عنيزة,5,Regular,2024-04-15,customer2@example.com,0564543049,1
3,عبدالله الدوسري,Male,جدة,2,Premium,2024-01-26,customer3@example.com,0565259205,1
4,سعود الدوسري,Male,الخرج,1,Regular,2024-02-09,customer4@example.com,0571780854,1
5,عبدالله العتيبي,Male,عنيزة,5,Regular,2024-12-02,customer5@example.com,0547463522,1
6,عبير العنزي,Female,الدمام,3,Corporate,2024-04-28,customer6@example.com,0587925434,1
7,نورة القحطاني,Female,بريدة,5,Regular,2024-11-17,customer7@example.com,0525521714,1
8,سعود العتيبي,Male,الخبر,3,Regular,2024-07-20,customer8@example.com,0599152472,1
9,عبير القحطاني,Female,الطائف,2,Regular,2025-02-22,customer9@example.com,0584411983,1
10,عبير الغامدي,Female,عنيزة,5,Premium,2024-06-27,customer10@example.com,0583542887,1
11,دانة الشمري,Female,الخبر,3,Premium,2024-11-25,customer11@example.com,0538682516,1
12,عبدالعزيز القحطاني,Male,الطائف,2,Regular,2024-12-09,customer12@example.com,0541523529,1
13,عبدالله الدوسري,Male,الرياض,1,Regular,2025-05-01,customer13@example.com,0571124923,1
14,فهد المالكي,Male,الخبر,3,Regular,2024-09-06,customer14@example.com,0524305904,1
15,خالد المالكي,Male,المدينة المنورة,4,Regular,2024-09-12,customer15@example.com,0527896471,1
16,شهد الرشيدي,Female,المدينة المنورة,4,Regular,2025-04-01,customer16@example.com,0573709724,1
17,عبدالعزيز الحربي,Male,المدينة المنورة,4,Regular,2024-09-01,customer17@example.com,0548349783,1
18,هند العنزي,Female,الخرج,1,Regular,2024-08-24,customer18@example.com,0538716269,0
19,هند العنزي,Female,الظهران,3,Regular,2024-07-30,customer19@example.com,0588393811,1
20,سلطان الغامدي,Male,الظهران,3,Regular,2024-12-26,customer20@example.com,0566240084,1
21,ماجد الشمري,Male,الطائف,2,Regular,2024-01-30,customer21@example.com,0564266464,1
22,ريم الرشيدي,Female,المدينة المنورة,4,Regular,2025-02-07,customer22@example.com,0521267237,1
23,ماجد الدوسري,Male,الرياض,1,Regular,2024-12-01,customer23@example.com,0560885459,1
24,دانة القحطاني,Female,الظهران,3,Regular,2024-02-23,customer24@example.com,0597260863,0
25,أحمد الشمري,Male,مكة,2,Premium,2024-06-05,customer25@example.com,0525353091,1
26,ماجد المالكي,Male,الطائف,2,Premium,2024-06-20,customer26@example.com,0525372341,1
27,سعود القحطاني,Male,بريدة,5,Regular,2024-11-15,customer27@example.com,0560372847,1
28,محمد الرشيدي,Male,عنيزة,5,Regular,2024-11-04,customer28@example.com,0526247735,1
29,فيصل العنزي,Male,الخبر,3,Premium,2024-03-11,customer29@example.com,0566379329,1
30,تركي المطيري,Male,عنيزة,5,Premium,2025-04-15,customer30@example.com,0580027662,1
31,منى العنزي,Female,الظهران,3,Regular,2024-10-01,customer31@example.com,0521631697,1
32,الجوهرة الزهراني,Female,بريدة,5,Regular,2025-01-23,customer32@example.com,0553622663,1
33,فيصل الحربي,Male,الدمام,3,Regular,2024-10-09,customer33@example.com,0535643159,1
34,شهد العنزي,Female,مكة,2,Premium,2025-05-17,customer34@example.com,,1
35,لطيفة الشمري,Female,الطائف,2,Premium,2025-01-12,customer35@example.com,0567110154,1
36,هند المالكي,Female,الظهران,3,Regular,2024-09-14,customer36@example.com,0552352128,1
37,عبدالله الشمري,Male,الظهران,3,Regular,2025-06-21,customer37@example.com,0536054020,1
38,ريم الحربي,Female,الرياض,1,Premium,2024-05-09,customer38@example.com,0584270583,1
39,عبدالعزيز الزهراني,Male,الخرج,1,Premium,2024-10-18,customer39@example.com,0534744872,1
40,شهد القحطاني,Female,الخرج,1,Regular,2024-03-16,customer40@example.com,0530364454,1
41,سارة الشمري,Female,الخرج,1,Regular,2025-03-02,customer41@example.com,0540291214,1
42,شهد الزهراني,Female,الطائف,2,Premium,2025-03-15,customer42@example.com,0591823275,1
43,عبدالله السبيعي,Male,مكة,2,Regular,2024-03-24,customer43@example.com,0520075036,1
44,شهد المالكي,Female,بريدة,5,Regular,2024-02-03,customer44@example.com,0570939053,0
45,سعود السبيعي,Male,بريدة,5,Premium,2024-07-21,customer45@example.com,0596924061,1
46,ريم القحطاني,Female,الرياض,1,Regular,2024-11-10,customer46@example.com,0548736657,1
47,لطيفة الحربي,Female,الخبر,3,Corporate,2025-05-27,customer47@example.com,0590267122,0
48,لطيفة المطيري,Female,بريدة,5,Regular,2024-04-03,customer48@example.com,0587201917,1
49,عبدالعزيز الحربي,Male,بريدة,5,Regular,2024-06-28,customer49@example.com,0547333543,1
50,عبير الزهراني,Female,الخرج,1,Regular,2025-02-22,customer50@example.com,0531585546,1
51,دانة السبيعي,Female,الخبر,3,Premium,2024-02-07,customer51@example.com,0553389073,1
52,ليان العتيبي,Female,عنيزة,5,Premium,2025-04-18,customer52@example.com,0558557203,1
53,عبير الزهراني,Female,الرياض,1,Regular,2024-05-14,customer53@example.com,0575056916,1
54,فهد الدوسري,Male,الطائف,2,Regular,2025-02-21,customer54@example.com,0525228493,1
55,عبدالعزيز الدوسري,Male,الظهران,3,Corporate,2024-10-25,customer55@example.com,0574759996,1
56,ماجد العنزي,Male,جدة,2,Regular,2025-06-04,customer56@example.com,0519369750,1
57,هند العنزي,Female,الطائف,2,Premium,2024-10-16,customer57@example.com,0587835998,1
58,ريم الزهراني,Female,المدينة المنورة,4,Regular,2024-12-06,customer58@example.com,0571115319,1
59,فهد الشمري,Male,بريدة,5,Regular,2025-02-24,,0561167978,1
60,ماجد العتيبي,Male,جدة,2,Regular,2024-12-05,customer60@example.com,0569096899,1
61,نورة المالكي,Female,جدة,2,Regular,2024-06-07,customer61@example.com,0545570755,1
62,عبير القحطاني,Female,الدمام,3,Premium,2025-06-30,customer62@example.com,0575491202,1
63,سلطان القحطاني,Male,مكة,2,Regular,2024-10-21,customer63@example.com,0568246664,1
64,ماجد الدوسري,Male,الطائف,2,Corporate,2024-02-17,customer64@example.com,0558112135,1
65,عبدالله العنزي,Male,الخبر,3,Regular,2024-07-03,customer65@example.com,0561344226,1
66,ماجد الرشيدي,Male,جدة,2,Regular,2024-09-17,customer66@example.com,0572445234,1
67,محمد الزهراني,Male,الدمام,3,Corporate,2024-11-02,customer67@example.com,0543567615,1
68,الجوهرة الغامدي,Female,الظهران,3,Regular,2025-01-25,customer68@example.com,0549625201,0
69,دانة العتيبي,Female,بريدة,5,Premium,2024-02-20,customer69@example.com,0548412328,1
70,سلطان المطيري,Male,مكة,2,Regular,2024-09-13,customer70@example.com,0598473848,1
71,عبدالعزيز القحطاني,Male,عنيزة,5,Regular,2024-11-12,customer71@example.com,0558970845,1
72,سعود المطيري,Male,الخبر,3,Regular,2024-05-15,customer72@example.com,0559104566,1
73,ريم الحربي,Female,الظهران,3,Corporate,2024-10-29,customer73@example.com,0525457816,1
74,خالد الشمري,Male,عنيزة,5,Premium,2025-02-10,customer74@example.com,0559093496,1
75,نورة الحربي,Female,المدينة المنورة,4,Regular,2025-01-12,customer75@example.com,0588458327,1
76,سارة السبيعي,Female,مكة,2,Regular,2024-12-01,customer76@example.com,0518484847,1
77,لطيفة الحربي,Female,عنيزة,5,Regular,2024-05-23,,0576118957,1
78,ناصر الدوسري,Male,الخبر,3,Regular,2025-03-05,customer78@example.com,0565684858,1
79,منى الغامدي,Female,الطائف,2,Regular,2025-01-14,customer79@example.com,0541690501,1
80,عبدالعزيز المطيري,Male,المدينة المنورة,4,Corporate,2025-01-02,customer80@example.com,0526395999,1
81,سارة السبيعي,Female,مكة,2,Regular,2024-01-22,customer81@example.com,0526901217,1
82,محمد العنزي,Male,مكة,2,Regular,2024-08-26,customer82@example.com,0589991301,0
83,خالد العنزي,Male,الطائف,2,Premium,2024-04-22,customer83@example.com,,0
84,سلطان المطيري,Male,الرياض,1,Regular,2024-02-23,customer84@example.com,0525253751,1
85,شهد المطيري,Female,المدينة المنورة,4,Regular,2025-04-07,customer85@example.com,0515820356,1
86,شهد السبيعي,Female,الرياض,1,Regular,2025-05-05,customer86@example.com,0524490391,1
87,سارة القحطاني,Female,الدمام,3,Regular,2024-03-08,customer87@example.com,0588566318,1
88,أمل الرشيدي,Female,المدينة المنورة,4,Regular,2025-06-01,customer88@example.com,0525356396,1
89,تركي الزهراني,Male,مكة,2,Regular,2025-04-09,customer89@example.com,0551949529,1
90,هند الدوسري,Female,عنيزة,5,Corporate,2024-03-09,customer90@example.com,0567965485,1
91,ريم العنزي,Female,الرياض,1,Regular,2024-12-03,customer91@example.com,0599300492,1
92,لطيفة العتيبي,Female,الطائف,2,Regular,2024-12-26,customer92@example.com,0530767532,1
93,محمد المطيري,Male,المدينة المنورة,4,Regular,2024-10-12,customer93@example.com,0585291541,1
94,سلطان السبيعي,Male,الطائف,2,Regular,2024-10-06,customer94@example.com,0555610493,1
95,خالد الرشيدي,Male,عنيزة,5,Regular,2024-05-25,customer95@example.com,0522315507,1
96,تركي الغامدي,Male,الظهران,3,Regular,2025-01-13,customer96@example.com,0586181117,1
97,خالد الدوسري,Male,بريدة,5,Regular,2024-03-24,customer97@example.com,0575184410,1
98,دانة الشمري,Female,المدينة المنورة,4,Regular,2025-03-16,customer98@example.com,0589609131,1
99,نورة الشمري,Female,الخبر,3,Corporate,2024-02-26,,0538351344,1
100,دانة المطيري,Female,الخرج,1,Regular,2025-03-16,customer100@example.com,0540884937,1
101,سارة الغامدي,Female,الرياض,1,Regular,2025-04-15,customer101@example.com,0587277086,1
102,لطيفة السبيعي,Female,الخبر,3,Regular,2025-02-18,,0592963368,1
103,سارة الغامدي,Female,الخرج,1,Regular,2025-02-14,customer103@example.com,0551644346,1
104,فيصل الدوسري,Male,الخرج,1,Regular,2024-04-26,customer104@example.com,0556892354,1
105,عبدالله القحطاني,Male,جدة,2,Regular,2024-06-26,customer105@example.com,0597980930,0
106,شهد الرشيدي,Female,بريدة,5,Regular,2024-11-26,customer106@example.com,0530261159,1
107,شهد السبيعي,Female,الطائف,2,Premium,2024-02-27,customer107@example.com,0571974027,1
108,فيصل الحربي,Male,الخرج,1,Regular,2024-04-02,customer108@example.com,0572104107,1
109,ماجد الرشيدي,Male,عنيزة,5,Regular,2025-05-02,customer109@example.com,0570468188,1
110,لطيفة القحطاني,Female,المدينة المنورة,4,Regular,2024-02-10,customer110@example.com,0568978194,1
111,فيصل المطيري,Male,الطائف,2,Regular,2024-12-12,customer111@example.com,0594676162,1
112,فيصل القحطاني,Male,المدينة المنورة,4,Premium,2024-10-17,customer112@example.com,0590893133,1
113,سارة الرشيدي,Female,عنيزة,5,Regular,2024-12-24,customer113@example.com,0598870276,1
114,سعود العنزي,Male,الخبر,3,Regular,2024-12-02,customer114@example.com,0580651318,1
115,ليان المطيري,Female,الرياض,1,Regular,2024-07-03,customer115@example.com,0575266178,1
116,خالد القحطاني,Male,الطائف,2,Premium,2024-04-13,customer116@example.com,0580669879,0
117,منى الدوسري,Female,بريدة,5,Regular,2024-06-15,customer117@example.com,0593851247,1
118,فهد الزهراني,Male,الرياض,1,Regular,2024-08-31,customer118@example.com,0570254091,1
119,سعود الزهراني,Male,مكة,2,Regular,2025-03-27,customer119@example.com,0561254050,1
120,ريم الشمري,Female,بريدة,5,Regular,2024-09-13,customer120@example.com,0559823245,1
121,فهد العنزي,Male,الخرج,1,Regular,2024-06-13,customer121@example.com,0529776801,1
122,عبدالله الزهراني,Male,الدمام,3,Corporate,2025-02-28,customer122@example.com,0541645597,1
123,فيصل الشمري,Male,الرياض,1,Regular,2024-04-11,customer123@example.com,0529602406,1
124,شهد المالكي,Female,جدة,2,Premium,2025-04-25,customer124@example.com,,0
125,الجوهرة الدوسري,Female,المدينة المنورة,4,Corporate,2025-06-24,customer125@example.com,0541895531,1
126,عبدالله الغامدي,Male,عنيزة,5,Premium,2025-04-13,customer126@example.com,0577085942,1
127,عبدالعزيز العنزي,Male,بريدة,5,Regular,2024-05-27,customer127@example.com,,1
128,ريم السبيعي,Female,عنيزة,5,Regular,2025-01-04,customer128@example.com,0578092370,1
129,تركي الزهراني,Male,الرياض,1,Regular,2025-01-17,customer129@example.com,,1
130,الجوهرة المالكي,Female,عنيزة,5,Regular,2024-12-06,customer130@example.com,0555439043,1
131,عبدالعزيز الزهراني,Male,الظهران,3,Regular,2024-05-18,customer131@example.com,0571428713,0
132,أحمد الشمري,Male,الرياض,1,Regular,2024-11-13,customer132@example.com,0582884346,1
133,عبدالعزيز الشمري,Male,الطائف,2,Regular,2024-02-18,customer133@example.com,0526706752,1
134,أمل المالكي,Female,الظهران,3,Premium,2025-01-30,customer134@example.com,0576776459,1
135,سارة المالكي,Female,الخبر,3,Regular,2024-07-03,customer135@example.com,0520746667,1
136,دانة الزهراني,Female,بريدة,5,Premium,2024-06-19,customer136@example.com,0515684813,1
137,منى الغامدي,Female,الطائف,2,Regular,2024-02-28,customer137@example.com,0558762794,1
138,أحمد الدوسري,Male,بريدة,5,Premium,2025-03-24,,0596592295,1
139,منى العتيبي,Female,بريدة,5,Regular,2025-04-05,customer139@example.com,0520319387,1
140,أمل المطيري,Female,عنيزة,5,Regular,2024-04-26,,0579490594,1
141,سعود الحربي,Male,الظهران,3,Regular,2024-10-19,customer141@example.com,0536867482,1
142,ماجد الدوسري,Male,الظهران,3,Corporate,2024-11-23,customer142@example.com,0583819367,1
143,ريم المالكي,Female,عنيزة,5,Regular,2025-01-05,customer143@example.com,0536975128,1
144,ماجد العتيبي,Male,الدمام,3,Regular,2025-01-12,customer144@example.com,0527417599,1
145,محمد الحربي,Male,الخبر,3,Corporate,2025-05-05,customer145@example.com,0587161840,0
146,عبير القحطاني,Female,الظهران,3,Regular,2025-06-13,customer146@example.com,0583994695,1
147,خالد الغامدي,Male,المدينة المنورة,4,Corporate,2024-02-26,customer147@example.com,0550818905,1
148,لطيفة الشمري,Female,الدمام,3,Corporate,2025-06-15,customer148@example.com,0543635675,1
149,ريم السبيعي,Female,الطائف,2,Regular,2024-04-05,customer149@example.com,0587933054,1
150,منى العتيبي,Female,الرياض,1,Regular,2024-09-28,customer150@example.com,0565913331,1
151,ماجد السبيعي,Male,المدينة المنورة,4,Regular,2024-11-05,customer151@example.com,0564504816,1
152,فهد العتيبي,Male,جدة,2,Regular,2025-05-10,customer152@example.com,0529282885,1
153,لطيفة المطيري,Female,الخبر,3,Regular,2025-01-14,customer153@example.com,0542445506,1
154,شهد الشمري,Female,جدة,2,Regular,2024-10-24,customer154@example.com,0566121095,1
155,فيصل الرشيدي,Male,الدمام,3,Regular,2024-06-12,customer155@example.com,0576942394,1
156,نورة القحطاني,Female,الخبر,3,Regular,2024-09-03,customer156@example.com,0516783418,1
157,دانة العنزي,Female,Riyadh,1,Premium,2025-03-17,customer157@example.com,0559093843,1
158,نورة الغامدي,Female,الرياض,1,Regular,2024-07-18,customer158@example.com,0561854861,1
159,منى السبيعي,Female,بريدة,5,Regular,2024-04-09,customer159@example.com,0555511258,1
160,ريم الشمري,Female,بريدة,5,Regular,2025-05-27,,0554699966,1
161,ريم الرشيدي,Female,المدينة المنورة,4,Regular,2024-11-22,customer161@example.com,0550162553,1
162,لطيفة الرشيدي,Female,الطائف,2,Regular,2024-01-18,customer162@example.com,0565907088,1
163,سلطان الزهراني,Male,الطائف,2,Corporate,2024-08-21,customer163@example.com,0532885741,1
164,ريم السبيعي,Female,مكة,2,Regular,2024-04-22,customer164@example.com,0566207740,1
165,تركي العنزي,Male,بريدة,5,Corporate,2024-03-04,customer165@example.com,0585280948,1
166,ليان الغامدي,Female,الدمام,3,Corporate,2025-04-15,customer166@example.com,0557551594,1
167,منى الزهراني,Female,مكة,2,Corporate,2024-10-12,customer167@example.com,0549945150,1
168,فهد المالكي,Male,الظهران,3,Regular,2024-12-23,customer168@example.com,0546702849,1
169,أمل المطيري,Female,جدة,2,Regular,2024-10-21,customer169@example.com,0569374716,1
170,الجوهرة الشمري,Female,المدينة المنورة,4,Regular,2024-10-05,customer170@example.com,0588763056,1
171,عبدالعزيز العنزي,Male,مكة,2,Regular,2024-02-23,customer171@example.com,0573404979,1
172,أحمد العنزي,Male,جدة,2,Regular,2025-05-02,customer172@example.com,0548553376,1
173,محمد السبيعي,Male,بريدة,5,Regular,2024-02-08,customer173@example.com,0533593960,1
174,تركي الزهراني,Male,جدة,2,Corporate,2024-10-23,customer174@example.com,,1
175,فيصل الحربي,Male,الظهران,3,Corporate,2025-06-20,customer175@example.com,0577674279,1
176,محمد المطيري,Male,جدة,2,Premium,2024-09-20,customer176@example.com,,1
177,منى السبيعي,Female,مكة,2,Regular,2025-02-19,customer177@example.com,0521641746,1
178,خالد الدوسري,Male,الظهران,3,Regular,2024-09-11,,0569959826,1
179,دانة الرشيدي,Female,بريدة,5,Regular,2025-01-03,customer179@example.com,0525867870,1
180,تركي السبيعي,Male,المدينة المنورة,4,Corporate,2024-11-14,customer180@example.com,0549599276,1
181,عبدالله الدوسري,Male,الظهران,3,Regular,2025-01-17,customer181@example.com,0573193474,1
182,عبدالله السبيعي,Male,بريدة,5,Premium,2024-03-24,customer182@example.com,0558557943,0
183,أحمد العنزي,Male,المدينة المنورة,4,Regular,2024-06-02,customer183@example.com,0569302835,1
184,فهد الرشيدي,Male,الظهران,3,Regular,2025-06-06,customer184@example.com,0527709269,1
185,منى العتيبي,Female,المدينة المنورة,4,Regular,2024-11-11,customer185@example.com,0510404729,1
186,أحمد الغامدي,Male,الدمام,3,Premium,2024-03-02,customer186@example.com,0573360324,0
187,ريم الدوسري,Female,عنيزة,5,Corporate,2025-03-06,customer187@example.com,0570201634,1
188,أمل القحطاني,Female,عنيزة,5,Corporate,2024-05-16,customer188@example.com,0533954324,1
189,ليان الدوسري,Female,مكة,2,Premium,2024-01-24,customer189@example.com,0583074216,1
190,الجوهرة الشمري,Female,الظهران,3,Regular,2024-10-09,customer190@example.com,0525145751,0
191,منى العتيبي,Female,مكة,2,Regular,2024-04-13,customer191@example.com,0516533225,1
192,تركي الزهراني,Male,مكة,2,Regular,2024-02-27,customer192@example.com,0541428626,1
193,منى الرشيدي,Female,عنيزة,5,Premium,2024-08-30,customer193@example.com,0598612211,1
194,دانة الحربي,Female,الرياض,1,Regular,2024-06-28,customer194@example.com,0576521096,0
195,عبير السبيعي,Female,الخبر,3,Premium,2024-11-22,customer195@example.com,0550250352,1
196,الجوهرة الشمري,Female,الطائف,2,Premium,2024-05-27,customer196@example.com,0585482164,1
197,ليان العنزي,Female,جدة,2,Regular,2024-09-18,customer197@example.com,0570369365,1
198,ناصر المالكي,Male,مكة,2,Regular,2025-01-21,customer198@example.com,0519768947,1
199,ماجد الشمري,Male,الدمام,3,Regular,2024-01-16,customer199@example.com,0525745913,1
200,الجوهرة المالكي,Female,بريدة,5,Premium,2025-02-10,customer200@example.com,0547991562,1
201,دانة الحربي,Female,الدمام,3,Regular,2025-05-24,customer201@example.com,0573013937,1
202,الجوهرة المطيري,Female,الدمام,3,Regular,2024-08-14,customer202@example.com,,1
203,دانة الدوسري,Female,مكة,2,Regular,2025-01-23,customer203@example.com,0583905989,1
204,دانة الزهراني,Female,عنيزة,5,Premium,2025-04-16,customer204@example.com,0532718459,1
205,ريم العنزي,Female,عنيزة,5,Corporate,2025-06-20,,0599686372,0
206,تركي الدوسري,Male,عنيزة,5,Regular,2024-06-03,,0560090149,0
207,عبير الزهراني,Female,الرياض,1,Regular,2025-02-25,,0546875077,1
208,نورة العنزي,Female,عنيزة,5,Regular,2024-07-02,customer208@example.com,0529984682,1
209,هند الحربي,Female,الخبر,3,Regular,2025-02-19,customer209@example.com,0540314047,1
210,عبدالعزيز السبيعي,Male,الرياض,1,Regular,2025-01-23,customer210@example.com,0595462880,0
211,محمد الزهراني,Male,RIYADH,3,Regular,2024-12-05,customer211@example.com,0522799248,1
212,عبدالله الشمري,Male,بريدة,5,Regular,2024-02-17,customer212@example.com,0547631028,1
213,خالد المطيري,Male,الرياض,1,Corporate,2024-05-27,customer213@example.com,0563458386,1
214,ريم الرشيدي,Female,مكة,2,Regular,2025-02-02,customer214@example.com,0561518966,1
215,فهد المالكي,Male,الخرج,1,Regular,2024-12-20,customer215@example.com,0520202996,1
216,هند العتيبي,Female,عنيزة,5,Regular,2025-04-06,customer216@example.com,0560388958,1
217,سارة الرشيدي,Female,الطائف,2,Premium,2024-03-16,customer217@example.com,0595080736,1
218,هند المطيري,Female,الخرج,1,Regular,2024-11-11,customer218@example.com,0523721268,1
219,تركي الزهراني,Male,المدينة المنورة,4,Regular,2025-02-21,customer219@example.com,0584386123,1
220,أمل العتيبي,Female,الطائف,2,Regular,2024-03-27,customer220@example.com,0542580349,1
221,عبدالعزيز الغامدي,Male,جدة,2,Regular,2024-11-04,customer221@example.com,0532442197,1
222,دانة الزهراني,Female,الخرج,1,Regular,2024-09-09,customer222@example.com,0592767884,1
223,خالد الحربي,Male,الرياض,1,Corporate,2024-12-06,customer223@example.com,0554230340,1
224,عبير الرشيدي,Female,جدة,2,Regular,2024-07-24,customer224@example.com,0563450811,1
225,لطيفة المالكي,Female,عنيزة,5,Regular,2024-09-05,customer225@example.com,0562738860,1
226,سلطان العنزي,Male,جدة,2,Premium,2024-01-28,customer226@example.com,0538138531,1
227,لطيفة القحطاني,Female,الخبر,3,Premium,2024-05-22,customer227@example.com,0598404247,1
228,أمل القحطاني,Female,الظهران,3,Corporate,2025-05-05,customer228@example.com,0566143368,1
229,لطيفة العنزي,Female,بريدة,5,Regular,2024-03-28,customer229@example.com,0599213703,1
230,سلطان السبيعي,Male,عنيزة,5,Regular,2024-12-05,customer230@example.com,0511415698,1
231,ناصر المالكي,Male,المدينة المنورة,4,Regular,2024-08-14,customer231@example.com,0588999206,1
232,فيصل العتيبي,Male,الظهران,3,Regular,2025-03-01,customer232@example.com,0529015320,1
233,شهد الشمري,Female,المدينة المنورة,4,Regular,2025-05-02,customer233@example.com,0570726434,1
234,نورة المالكي,Female,الخرج,1,Regular,2024-12-17,customer234@example.com,0532059232,1
235,ناصر الدوسري,Male,المدينة المنورة,4,Regular,2025-03-12,customer235@example.com,0564364546,1
236,عبدالعزيز السبيعي,Male,الخبر,3,Regular,2024-07-21,customer236@example.com,0510597274,1
237,سعود المالكي,Male,الخرج,1,Regular,2024-07-10,customer237@example.com,0525294777,1
238,ليان السبيعي,Female,الدمام,3,Regular,2025-02-05,customer238@example.com,0571453007,1
239,منى الرشيدي,Female,الخرج,1,Premium,2024-11-16,customer239@example.com,0534567819,1
240,ناصر الغامدي,Male,الخبر,3,Regular,2025-01-27,customer240@example.com,0582125824,1
241,ناصر الدوسري,Male,الظهران,3,Regular,2024-07-10,customer241@example.com,0517195581,1
242,ماجد الدوسري,Male,مكة,2,Premium,2025-06-01,customer242@example.com,0575998330,1
243,شهد الدوسري,Female,الخرج,1,Regular,2024-08-13,customer243@example.com,0582156607,1
244,منى المالكي,Female,الظهران,3,Regular,2024-04-25,customer244@example.com,0582894477,1
245,ليان العتيبي,Female,الظهران,3,Regular,2025-03-11,customer245@example.com,0543223132,1
246,ماجد الحربي,Male,الدمام,3,Premium,2024-03-30,customer246@example.com,0541802361,1
247,لطيفة الرشيدي,Female,عنيزة,5,Regular,2024-05-22,customer247@example.com,0517966873,1
248,منى العنزي,Female,جدة,2,Regular,2024-10-26,customer248@example.com,0579043610,1
249,خالد الغامدي,Male,الرياض,1,Corporate,2024-05-09,customer249@example.com,0529628462,1
250,عبدالعزيز الغامدي,Male,الظهران,3,Regular,2024-10-02,customer250@example.com,0520135622,1
251,تركي العنزي,Male,الطائف,2,Premium,2025-01-12,customer251@example.com,0588108751,0
252,فهد الزهراني,Male,عنيزة,5,Premium,2025-01-01,customer252@example.com,0563380520,1
253,الجوهرة الزهراني,Female,الطائف,2,Regular,2024-10-17,customer253@example.com,0585986307,1
254,عبير العتيبي,Female,الرياض,1,Regular,2025-04-15,,0531204188,1
255,تركي الشمري,Male,جدة,2,Premium,2024-11-05,customer255@example.com,0546778269,1
256,دانة القحطاني,Female,الدمام,3,Premium,2024-06-18,customer256@example.com,0541426254,1
257,فهد القحطاني,Male,الرياض,1,Regular,2024-03-20,customer257@example.com,0569735865,0
258,سارة الغامدي,Female,جدة,2,Regular,2024-08-22,customer258@example.com,0523747542,1
259,دانة الدوسري,Female,الخبر,3,Premium,2024-05-16,customer259@example.com,0519182050,1
260,سلطان السبيعي,Male,جدة,2,Regular,2024-08-06,customer260@example.com,0565258766,1
261,الجوهرة القحطاني,Female,الخرج,1,Regular,2024-05-06,customer261@example.com,0567631581,1
262,عبدالله الحربي,Male,عنيزة,5,Regular,2024-10-18,customer262@example.com,0598369672,1
263,ناصر الرشيدي,Male,المدينة المنورة,4,Regular,2025-02-05,customer263@example.com,0542123815,1
264,عبدالله الزهراني,Male,عنيزة,5,Regular,2025-06-24,customer264@example.com,,1
265,ريم الغامدي,Female,بريدة,5,Regular,2024-06-25,customer265@example.com,0519796799,0
266,أحمد الحربي,Male,مكة,2,Regular,2024-03-02,customer266@example.com,0548451741,1
267,أمل المالكي,Female,الخبر,3,Regular,2024-06-05,customer267@example.com,0578626154,1
268,ناصر المطيري,Male,الخبر,3,Regular,2024-03-08,customer268@example.com,0542029368,0
269,تركي القحطاني,Male,الظهران,3,Regular,2024-02-26,customer269@example.com,0533574794,1
270,فهد العتيبي,Male,جدة,2,Regular,2024-12-21,customer270@example.com,0544795538,1
271,فهد الحربي,Male,الخرج,1,Premium,2024-01-31,customer271@example.com,0580310522,0
272,ماجد الزهراني,Male,المدينة المنورة,4,Regular,2025-05-26,customer272@example.com,0531113788,1
273,سلطان السبيعي,Male,الخرج,1,Regular,2025-06-05,,0511649277,1
274,هند الغامدي,Female,جدة,2,Regular,2024-02-06,customer274@example.com,0598007006,1
275,الجوهرة الغامدي,Female,الدمام,3,Regular,2024-03-20,customer275@example.com,0517069536,1
276,تركي القحطاني,Male,الظهران,3,Premium,2024-11-14,customer276@example.com,0511069604,1
277,منى الحربي,Female,بريدة,5,Regular,2025-01-12,customer277@example.com,0536229153,1
278,خالد العتيبي,Male,الخبر,3,Regular,2024-12-20,customer278@example.com,0511287794,1
279,عبدالعزيز الغامدي,Male,الطائف,2,Regular,2025-06-26,customer279@example.com,0518038980,1
280,فهد الحربي,Male,الخرج,1,Regular,2024-08-25,customer280@example.com,0559995026,1
281,سلطان القحطاني,Male,المدينة المنورة,4,Regular,2025-02-07,customer281@example.com,0568382413,1
282,عبدالله الحربي,Male,الطائف,2,Premium,2025-02-06,customer282@example.com,0552688984,1
283,محمد الشمري,Male,جدة,2,Premium,2024-04-21,customer283@example.com,0572552858,1
284,ناصر المطيري,Male,مكة,2,Regular,2025-04-19,customer284@example.com,0531154777,1
285,لطيفة المالكي,Female,بريدة,5,Regular,2024-12-01,customer285@example.com,0557746984,1
286,عبدالعزيز الحربي,Male,الطائف,2,Premium,2024-06-27,,0570693413,1
287,محمد الزهراني,Male,الخرج,1,Premium,2024-05-23,customer287@example.com,0539835008,1
288,هند السبيعي,Female,عنيزة,5,Corporate,2024-03-27,customer288@example.com,0520064609,0
289,عبدالله السبيعي,Male,الظهران,3,Premium,2024-04-04,customer289@example.com,0554499873,1
290,نورة الدوسري,Female,بريدة,5,Regular,2025-02-08,customer290@example.com,0567265875,1
291,خالد الحربي,Male,الطائف,2,Regular,2024-06-01,,0542988674,1
292,أمل العنزي,Female,الظهران,3,Regular,2024-10-13,customer292@example.com,0596255361,1
293,عبدالعزيز العنزي,Male,الرياض,1,Corporate,2025-01-02,customer293@example.com,0556175477,1
294,أمل الحربي,Female,جدة,2,Regular,2024-08-12,,0547706144,0
295,ليان المطيري,Female,بريدة,5,Corporate,2024-06-12,customer295@example.com,0545772648,1
296,عبدالله الرشيدي,Male,الخبر,3,Regular,2024-06-26,customer296@example.com,0558155056,1
297,فهد المالكي,Male,الدمام,3,Corporate,2024-05-25,customer297@example.com,0576065552,1
298,ماجد العتيبي,Male,الخرج,1,Regular,2024-08-12,,0554524582,1
299,خالد المطيري,Male,جدة,2,Corporate,2024-11-27,customer299@example.com,0529012298,1
300,سارة المطيري,Female,عنيزة,5,Regular,2024-04-13,customer300@example.com,0531139813,1
301,عبير الزهراني,Female,عنيزة,5,Regular,2024-12-31,customer301@example.com,0533535297,1
302,ريم الدوسري,Female,الرياض,1,Corporate,2025-02-04,customer302@example.com,0586166246,0
303,منى الشمري,Female,عنيزة,5,Regular,2025-05-23,customer303@example.com,0541943272,1
304,ريم السبيعي,Female,الخرج,1,Premium,2024-12-09,customer304@example.com,0543492807,1
305,دانة القحطاني,Female,الرياض,1,Regular,2025-03-24,customer305@example.com,0565568711,1
306,هند العنزي,Female,الخبر,3,Regular,2025-05-05,customer306@example.com,0540277201,1
307,أحمد الحربي,Male,الرياض,1,Regular,2024-04-17,customer307@example.com,0560393104,1
308,ناصر القحطاني,Male,الدمام,3,Regular,2025-05-09,customer308@example.com,0597729428,1
309,ريم العتيبي,Female,الخرج,1,Regular,2024-07-13,customer309@example.com,0582494408,1
310,دانة الشمري,Female,الخرج,1,Regular,2025-05-17,customer310@example.com,0567392300,1
311,الجوهرة القحطاني,Female,الرياض,1,Regular,2024-10-25,customer311@example.com,0525503345,1
312,شهد الزهراني,Female,عنيزة,5,Regular,2025-01-31,customer312@example.com,0559580252,1
313,سعود الزهراني,Male,الظهران,3,Regular,2024-10-02,customer313@example.com,0599586100,1
314,ليان الغامدي,Female,Riyadh,5,Regular,2024-03-03,customer314@example.com,0566187845,1
315,منى الشمري,Female,الظهران,3,Regular,2025-02-08,customer315@example.com,0577390918,1
316,محمد الزهراني,Male,جدة,2,Corporate,2024-06-20,customer316@example.com,0526936398,0
317,عبدالعزيز الغامدي,Male,مكة,2,Corporate,2024-05-31,customer317@example.com,0518994192,1
318,ليان المطيري,Female,الطائف,2,Regular,2024-01-13,customer318@example.com,0580137085,1
319,تركي الدوسري,Male,جدة,2,Regular,2024-04-12,customer319@example.com,0523554707,1
320,أمل الحربي,Female,الخبر,3,Premium,2025-04-29,,0529307578,1
321,نورة الغامدي,Female,الدمام,3,Premium,2024-02-20,customer321@example.com,0559988144,0
322,دانة الحربي,Female,الظهران,3,Premium,2024-04-10,customer322@example.com,0550329802,1
323,هند الحربي,Female,الخبر,3,Regular,2024-04-01,customer323@example.com,0564649480,1
324,نورة العنزي,Female,جدة,2,Regular,2025-06-02,customer324@example.com,0580368504,1
325,خالد الشمري,Male,مكة,2,Premium,2024-09-12,,0558368724,1
326,هند الزهراني,Female,المدينة المنورة,4,Regular,2024-05-06,customer326@example.com,0575603845,1
327,ماجد الرشيدي,Male,المدينة المنورة,4,Regular,2024-06-16,customer327@example.com,0522132198,1
328,نورة الدوسري,Female,بريدة,5,Premium,2024-08-07,customer328@example.com,0537746963,1
329,ليان العتيبي,Female,عنيزة,5,Regular,2024-05-15,customer329@example.com,0511135982,1
330,لطيفة المالكي,Female,عنيزة,5,Regular,2025-01-20,customer330@example.com,0539287523,1
331,منى القحطاني,Female,الرياض,1,Regular,2025-01-18,customer331@example.com,0547940248,1
332,ماجد القحطاني,Male,الدمام,3,Corporate,2024-11-28,customer332@example.com,0597438349,1
333,ناصر الشمري,Male,الرياض,1,Premium,2025-02-17,customer333@example.com,0513416548,1
334,دانة الغامدي,Female,الخبر,3,Regular,2024-02-06,customer334@example.com,0535489981,1
335,عبدالعزيز العنزي,Male,عنيزة,5,Premium,2025-01-02,customer335@example.com,0598263548,1
336,سعود القحطاني,Male,الظهران,3,Regular,2024-09-21,customer336@example.com,0534571018,1
337,عبير القحطاني,Female,مكة,2,Regular,2024-11-10,customer337@example.com,0559886371,1
338,شهد القحطاني,Female,الظهران,3,Regular,2024-03-13,customer338@example.com,0526081422,1
339,ليان الحربي,Female,الخبر,3,Regular,2024-06-03,customer339@example.com,0564920799,1
340,ريم المطيري,Female,جدة,2,Premium,2025-05-14,customer340@example.com,0552065724,1
341,ماجد الحربي,Male,مكة,2,Premium,2024-06-21,customer341@example.com,0521816709,1
342,عبير الغامدي,Female,الخبر,3,Regular,2025-05-03,customer342@example.com,0536764927,1
343,فيصل العنزي,Male,مكة,2,Regular,2024-01-05,customer343@example.com,0556217844,1
344,تركي العنزي,Male,بريدة,5,Regular,2024-03-07,customer344@example.com,0549034245,1
345,أمل السبيعي,Female,جدة,2,Regular,2025-05-16,customer345@example.com,0564142310,0
346,فهد الدوسري,Male,مكة,2,Premium,2025-05-31,customer346@example.com,0597314051,1
347,عبير الحربي,Female,المدينة المنورة,4,Regular,2024-02-19,customer347@example.com,0512649695,0
348,تركي الزهراني,Male,الخبر,3,Regular,2024-09-15,customer348@example.com,0594598956,0
349,عبير القحطاني,Female,عنيزة,5,Regular,2024-05-20,customer349@example.com,0578663747,1
350,سعود القحطاني,Male,الخرج,1,Regular,2024-07-23,customer350@example.com,0537068117,1
351,دانة الدوسري,Female,الرياض,1,Regular,2024-07-31,customer351@example.com,0541474764,0
352,محمد الرشيدي,Male,عنيزة,5,Regular,2024-04-02,customer352@example.com,0523594977,1
353,ماجد الحربي,Male,الطائف,2,Regular,2024-04-12,customer353@example.com,0548999266,1
354,أمل المالكي,Female,الخرج,1,Regular,2024-02-16,,0596865529,1
355,شهد الرشيدي,Female,الطائف,2,Premium,2024-04-05,customer355@example.com,0525278272,1
356,دانة الغامدي,Female,الظهران,3,Premium,2024-06-19,customer356@example.com,0517871385,1
357,محمد الغامدي,Male,بريدة,5,Regular,2025-03-24,customer357@example.com,0558130331,1
358,ماجد الزهراني,Male,الخرج,1,Premium,2025-03-27,,0552176303,0
359,عبدالعزيز المطيري,Male,المدينة المنورة,4,Regular,2024-04-07,customer359@example.com,0574683506,1
360,ريم العنزي,Female,بريدة,5,Regular,2024-06-09,customer360@example.com,0576549837,1
361,ماجد المطيري,Male,مكة,2,Regular,2024-10-11,customer361@example.com,0596344588,1
362,محمد الزهراني,Male,الظهران,3,Premium,2025-04-03,customer362@example.com,0552421060,1
363,لطيفة السبيعي,Female,الرياض,1,Regular,2025-02-26,,0522199793,1
364,ليان العنزي,Female,مكة,2,Premium,2025-04-12,customer364@example.com,0517284695,1
365,هند العنزي,Female,بريدة,5,Regular,2025-01-07,customer365@example.com,0598437437,1
366,هند السبيعي,Female,الطائف,2,Regular,2025-01-17,customer366@example.com,0532032560,1
367,سارة الحربي,Female,بريدة,5,Regular,2024-05-03,customer367@example.com,0571343676,1
368,فهد المطيري,Male,الخرج,1,Premium,2024-02-17,customer368@example.com,0589028889,1
369,شهد السبيعي,Female,بريدة,5,Corporate,2024-05-17,customer369@example.com,,1
370,منى الزهراني,Female,المدينة المنورة,4,Premium,2024-06-30,customer370@example.com,0527231111,1
371,ليان الغامدي,Female,الخبر,3,Corporate,2024-09-11,customer371@example.com,0549483304,1
372,خالد الغامدي,Male,بريدة,5,Premium,2025-06-08,customer372@example.com,0552132393,1
373,عبدالله الشمري,Male,بريدة,5,Premium,2024-12-19,customer373@example.com,0597253117,1
374,ناصر العنزي,Male,عنيزة,5,Regular,2024-04-28,customer374@example.com,0588222933,1
375,عبير المالكي,Female,المدينة المنورة,4,Regular,2025-03-08,customer375@example.com,0513391969,1
376,عبدالعزيز العتيبي,Male,مكة,2,Regular,2024-06-13,customer376@example.com,0529653285,1
377,الجوهرة العنزي,Female,الرياض,1,Regular,2025-04-08,customer377@example.com,0585414925,1
378,الجوهرة العنزي,Female,الطائف,2,Premium,2024-02-18,customer378@example.com,0551963706,1
379,أحمد المالكي,Male,الطائف,2,Regular,2025-03-29,customer379@example.com,0596923747,1
380,فهد الشمري,Male,الطائف,2,Regular,2024-03-17,customer380@example.com,0578967357,1
381,تركي الحربي,Male,المدينة المنورة,4,Regular,2024-06-13,customer381@example.com,0554367386,1
382,أحمد الدوسري,Male,الدمام,3,Regular,2024-11-04,customer382@example.com,0558061434,0
383,ليان الشمري,Female,جدة,2,Regular,2025-06-01,customer383@example.com,0564145722,1
384,عبدالله السبيعي,Male,الدمام,3,Regular,2024-10-27,customer384@example.com,0581202356,1
385,محمد السبيعي,Male,الدمام,3,Regular,2024-09-06,customer385@example.com,0553075436,1
386,تركي الحربي,Male,المدينة المنورة,4,Premium,2024-01-26,customer386@example.com,0560326016,1
387,شهد العتيبي,Female,الطائف,2,Premium,2024-07-16,customer387@example.com,0522879054,1
388,عبدالعزيز القحطاني,Male,مكة,2,Premium,2024-08-06,customer388@example.com,0523948820,1
389,عبير القحطاني,Female,عنيزة,5,Regular,2025-04-15,customer389@example.com,0519831184,0
390,ليان القحطاني,Female,بريدة,5,Premium,2024-09-21,customer390@example.com,0564284094,1
391,تركي السبيعي,Male,الخرج,1,Regular,2024-03-05,customer391@example.com,0519742790,1
392,سعود السبيعي,Male,الطائف,2,Regular,2024-10-15,customer392@example.com,0563031203,1
393,ماجد الدوسري,Male,المدينة المنورة,4,Regular,2025-02-04,customer393@example.com,0549591339,1
394,سعود السبيعي,Male,عنيزة,5,Regular,2024-01-12,customer394@example.com,0526540343,0
395,ليان العنزي,Female,الخرج,1,Regular,2024-12-18,customer395@example.com,0578793658,1
396,عبدالله الرشيدي,Male,الطائف,2,Regular,2024-07-04,customer396@example.com,0517299874,1
397,عبير العنزي,Female,الخرج,1,Regular,2024-03-09,customer397@example.com,0587926229,1
398,هند الدوسري,Female,عنيزة,5,Premium,2024-04-12,customer398@example.com,0535970938,1
399,هند الرشيدي,Female,عنيزة,5,Regular,2024-06-05,customer399@example.com,0552457517,1
400,أحمد المطيري,Male,مكة,2,Premium,2025-03-22,customer400@example.com,0554501625,1
401,شهد المطيري,Female,الطائف,2,Regular,2024-04-21,customer401@example.com,0547663633,1
402,ناصر الشمري,Male,الطائف,2,Premium,2024-03-19,customer402@example.com,0578072320,1
403,منى الشمري,Female,الرياض,1,Regular,2025-04-28,customer403@example.com,0562680236,1
404,ريم الزهراني,Female,المدينة المنورة,4,Regular,2025-02-10,customer404@example.com,,1
405,ناصر الدوسري,Male,الظهران,3,Regular,2024-05-29,customer405@example.com,0558156722,0
406,الجوهرة القحطاني,Female,الطائف,2,Regular,2024-02-13,customer406@example.com,0558486337,1
407,نورة العتيبي,Female,عنيزة,5,Regular,2025-06-17,customer407@example.com,0545341684,1
408,تركي السبيعي,Male,الخبر,3,Regular,2024-03-20,customer408@example.com,0539917031,1
409,هند الزهراني,Female,الظهران,3,Premium,2024-01-07,customer409@example.com,0532227237,1
410,الجوهرة الدوسري,Female,جدة,2,Regular,2024-05-01,customer410@example.com,0554322017,1
411,عبير الزهراني,Female,الظهران,3,Regular,2024-06-14,customer411@example.com,0542704875,0
412,خالد السبيعي,Male,المدينة المنورة,4,Regular,2024-05-30,customer412@example.com,0534164229,1
413,منى الرشيدي,Female,عنيزة,5,Regular,2024-10-17,customer413@example.com,0591406527,1
414,ريم الشمري,Female,الخبر,3,Regular,2024-07-05,customer414@example.com,0532511225,1
415,شهد الرشيدي,Female,بريدة,5,Regular,2025-01-22,customer415@example.com,0537158762,1
416,ريم الرشيدي,Female,الخرج,1,Regular,2024-02-09,customer416@example.com,0525772785,1
417,سلطان العنزي,Male,الرياض,1,Premium,2025-03-17,customer417@example.com,0515830187,1
418,الجوهرة الزهراني,Female,الخبر,3,Regular,2024-04-10,customer418@example.com,0541207351,1
419,سعود الرشيدي,Male,المدينة المنورة,4,Regular,2024-07-12,,0510954835,1
420,ناصر العتيبي,Male,الخبر,3,Premium,2024-11-19,customer420@example.com,0567186360,1
421,دانة العنزي,Female,الخبر,3,Regular,2024-10-09,customer421@example.com,0537339300,1
422,ريم المطيري,Female,RIYADH,4,Regular,2024-09-16,customer422@example.com,0563436070,1
423,فهد الشمري,Male,الظهران,3,Premium,2024-06-14,customer423@example.com,0555424358,1
424,خالد الغامدي,Male,عنيزة,5,Regular,2024-04-03,customer424@example.com,0590563579,1
425,سعود الشمري,Male,الدمام,3,Regular,2024-02-08,customer425@example.com,0563773642,1
426,لطيفة الرشيدي,Female,الرياض,1,Corporate,2024-06-28,customer426@example.com,0537072687,1
427,الجوهرة العتيبي,Female,بريدة,5,Regular,2024-08-25,customer427@example.com,0558283485,1
428,خالد القحطاني,Male,الطائف,2,Premium,2024-12-27,customer428@example.com,0536885204,1
429,محمد العنزي,Male,الطائف,2,Premium,2024-12-22,customer429@example.com,0540372869,1
430,ماجد الغامدي,Male,بريدة,5,Regular,2024-06-28,customer430@example.com,0519715480,1
431,سارة العنزي,Female,الطائف,2,Premium,2024-09-13,customer431@example.com,0585587210,1
432,فيصل الزهراني,Male,عنيزة,5,Regular,2024-01-29,customer432@example.com,0561361533,1
433,عبدالعزيز المالكي,Male,مكة,2,Premium,2025-02-26,customer433@example.com,0511305024,1
434,الجوهرة الحربي,Female,الخرج,1,Regular,2024-12-16,customer434@example.com,0573962190,1
435,سلطان الحربي,Male,جدة,2,Corporate,2024-07-13,customer435@example.com,0542488275,1
436,عبدالله الشمري,Male,مكة,2,Premium,2024-12-30,customer436@example.com,0520534423,1
437,منى العتيبي,Female,المدينة المنورة,4,Corporate,2025-05-08,customer437@example.com,0587110685,1
438,ريم العنزي,Female,الطائف,2,Regular,2024-05-11,customer438@example.com,0574199033,1
439,ناصر المطيري,Male,الخبر,3,Premium,2024-06-27,customer439@example.com,0579552316,1
440,أحمد السبيعي,Male,مكة,2,Regular,2024-04-13,customer440@example.com,0544856447,1
441,الجوهرة الحربي,Female,الظهران,3,Corporate,2024-12-17,customer441@example.com,0538257191,1
442,هند الغامدي,Female,الطائف,2,Regular,2024-05-14,customer442@example.com,0523404289,1
443,ناصر الغامدي,Male,الخبر,3,Regular,2024-06-02,customer443@example.com,,1
444,عبدالعزيز العنزي,Male,المدينة المنورة,4,Premium,2025-05-13,customer444@example.com,0586213459,0
445,فهد الدوسري,Male,الرياض,1,Regular,2024-09-17,customer445@example.com,0570378491,1
446,هند المطيري,Female,المدينة المنورة,4,Regular,2024-09-20,customer446@example.com,0557122567,1
447,سلطان الرشيدي,Male,عنيزة,5,Regular,2024-06-27,customer447@example.com,0553632879,1
448,لطيفة الزهراني,Female,الخرج,1,Regular,2024-10-20,customer448@example.com,0532491607,1
449,أمل السبيعي,Female,بريدة,5,Regular,2024-03-14,customer449@example.com,0552074850,1
450,لطيفة الحربي,Female,بريدة,5,Regular,2024-10-04,customer450@example.com,0558743159,1
451,أمل الدوسري,Female,جدة,2,Premium,2024-05-08,customer451@example.com,0520746107,1
452,سارة القحطاني,Female,الخرج,1,Corporate,2025-04-29,customer452@example.com,,1
453,محمد الحربي,Male,بريدة,5,Regular,2025-02-03,customer453@example.com,0548141360,1
454,خالد العنزي,Male,جدة,2,Regular,2024-12-31,customer454@example.com,0573908407,1
455,ليان الزهراني,Female,جدة,2,Corporate,2024-06-30,customer455@example.com,0595342494,1
456,ليان السبيعي,Female,عنيزة,5,Regular,2024-12-21,customer456@example.com,0522019737,1
457,أمل الحربي,Female,جدة,2,Regular,2024-01-01,customer457@example.com,0528293937,1
458,ليان العتيبي,Female,الظهران,3,Corporate,2025-05-03,customer458@example.com,0549315407,1
459,ناصر المطيري,Male,مكة,2,Regular,2025-03-23,customer459@example.com,0596703417,1
460,الجوهرة الحربي,Female,الخرج,1,Regular,2024-09-02,customer460@example.com,0592304487,1
461,دانة السبيعي,Female,المدينة المنورة,4,Premium,2025-02-26,customer461@example.com,0528337367,1
462,منى الزهراني,Female,الطائف,2,Premium,2025-05-18,customer462@example.com,,0
463,خالد القحطاني,Male,الطائف,2,Regular,2025-03-24,customer463@example.com,0530224423,0
464,فيصل الغامدي,Male,الطائف,2,Premium,2025-05-25,customer464@example.com,0514259684,1
465,أحمد الحربي,Male,الخبر,3,Regular,2025-04-26,customer465@example.com,0543565097,1
466,محمد المالكي,Male,مكة,2,Regular,2025-03-29,customer466@example.com,0536733470,1
467,ناصر السبيعي,Male,مكة,2,Regular,2024-11-15,customer467@example.com,0515662097,1
468,سعود الزهراني,Male,عنيزة,5,Regular,2025-01-04,customer468@example.com,0539231043,1
469,عبدالعزيز الغامدي,Male,الدمام,3,Regular,2024-10-09,customer469@example.com,0542626898,0
470,سلطان المالكي,Male,الظهران,3,Premium,2024-06-07,customer470@example.com,0531165928,1
471,عبير العتيبي,Female,Riyadh,1,Regular,2024-06-06,customer471@example.com,0526888275,1
472,ليان السبيعي,Female,الدمام,3,Premium,2025-03-25,customer472@example.com,,1
473,سعود العتيبي,Male,الظهران,3,Premium,2024-10-28,customer473@example.com,0586061419,1
474,هند المالكي,Female,الظهران,3,Regular,2024-06-13,customer474@example.com,0549684512,1
475,شهد العتيبي,Female,عنيزة,5,Regular,2024-07-08,customer475@example.com,0558865345,1
476,فيصل المالكي,Male,الخرج,1,Premium,2025-01-31,customer476@example.com,0584016756,1
477,هند الغامدي,Female,عنيزة,5,Regular,2024-04-08,customer477@example.com,0527418007,1
478,عبدالله القحطاني,Male,الظهران,3,Regular,2024-02-02,customer478@example.com,0598304696,1
479,نورة المطيري,Female,مكة,2,Regular,2024-03-13,,0598013189,1
480,ماجد السبيعي,Male,الرياض,1,Regular,2025-03-01,customer480@example.com,0517824896,1
481,ليان العتيبي,Female,الخرج,1,Premium,2024-03-20,customer481@example.com,0523035125,1
482,ناصر الغامدي,Male,مكة,2,Regular,2024-09-11,customer482@example.com,0584950330,1
483,لطيفة القحطاني,Female,عنيزة,5,Regular,2025-04-14,customer483@example.com,0523972387,1
484,ناصر الغامدي,Male,المدينة المنورة,4,Regular,2024-06-10,customer484@example.com,0557288136,1
485,هند الغامدي,Female,عنيزة,5,Regular,2024-11-27,customer485@example.com,0538712948,1
486,هند الزهراني,Female,الظهران,3,Corporate,2024-01-01,customer486@example.com,0589961933,0
487,سعود العتيبي,Male,الطائف,2,Corporate,2024-08-07,customer487@example.com,,1
488,ليان العنزي,Female,المدينة المنورة,4,Regular,2024-06-07,customer488@example.com,0530952341,1
489,منى الشمري,Female,مكة,2,Regular,2024-11-03,customer489@example.com,0539183937,1
490,شهد الدوسري,Female,الظهران,3,Premium,2024-04-07,customer490@example.com,0587347488,1
491,فيصل المطيري,Male,الخبر,3,Regular,2024-05-03,customer491@example.com,0597614538,1
492,عبدالعزيز السبيعي,Male,الخبر,3,Regular,2025-06-20,,0530076290,1
493,خالد العتيبي,Male,عنيزة,5,Premium,2025-02-06,customer493@example.com,0587209399,1
494,تركي الحربي,Male,الخبر,3,Regular,2024-12-10,customer494@example.com,0516618423,1
495,سارة الغامدي,Female,المدينة المنورة,4,Regular,2024-05-13,customer495@example.com,0536589676,1
496,ناصر الرشيدي,Male,المدينة المنورة,4,Regular,2024-03-14,customer496@example.com,0587311859,1
497,أمل المطيري,Female,الدمام,3,Regular,2024-12-18,customer497@example.com,,1
498,منى الزهراني,Female,بريدة,5,Regular,2024-02-15,customer498@example.com,0560173377,1
499,محمد المالكي,Male,الرياض,1,Regular,2024-05-31,customer499@example.com,0511843251,1
500,سعود الزهراني,Male,الظهران,3,Regular,2024-08-02,customer500@example.com,0583339816,1
501,ليان الزهراني,Female,بريدة,5,Premium,2024-05-24,customer501@example.com,0560547291,1
502,سعود الدوسري,Male,الرياض,1,Regular,2024-10-04,customer502@example.com,0511118594,0
503,عبير السبيعي,Female,الدمام,3,Premium,2024-01-20,customer503@example.com,0561878269,1
504,ليان المالكي,Female,الخرج,1,Corporate,2025-05-11,customer504@example.com,0535020518,1
505,ليان المالكي,Female,الرياض,1,Regular,2025-06-26,customer505@example.com,0531072888,0
506,هند السبيعي,Female,الطائف,2,Regular,2025-05-28,customer506@example.com,0544585138,1
507,ناصر الحربي,Male,مكة,2,Regular,2025-02-06,customer507@example.com,0561298971,1
508,تركي الشمري,Male,بريدة,5,Regular,2024-11-15,customer508@example.com,0582777382,1
509,سلطان العنزي,Male,عنيزة,5,Premium,2024-05-21,customer509@example.com,0580303981,1
510,ريم السبيعي,Female,بريدة,5,Corporate,2024-11-21,customer510@example.com,0525889673,1
511,فهد العتيبي,Male,الدمام,3,Premium,2025-02-27,customer511@example.com,0595476210,1
512,ريم الشمري,Female,الخرج,1,Regular,2024-01-27,customer512@example.com,0545817693,1
513,سلطان الشمري,Male,مكة,2,Premium,2025-01-02,customer513@example.com,0527996802,1
514,لطيفة السبيعي,Female,الدمام,3,Regular,2025-01-31,customer514@example.com,0535938895,1
515,نورة الحربي,Female,الخبر,3,Regular,2024-07-26,customer515@example.com,0568959861,1
516,لطيفة المطيري,Female,الظهران,3,Premium,2025-03-13,customer516@example.com,0561052956,1
517,منى المالكي,Female,بريدة,5,Regular,2025-06-21,customer517@example.com,0515168989,1
518,شهد العتيبي,Female,مكة,2,Regular,2025-02-09,customer518@example.com,0561995659,1
519,عبدالله الحربي,Male,الظهران,3,Regular,2024-11-07,customer519@example.com,0532345453,1
520,فهد العنزي,Male,جدة,2,Regular,2025-04-07,customer520@example.com,0534128507,1
521,تركي الغامدي,Male,الدمام,3,Regular,2024-07-02,customer521@example.com,0537102854,1
522,سعود المطيري,Male,عنيزة,5,Corporate,2024-06-16,customer522@example.com,0525322958,1
523,سارة العنزي,Female,الخبر,3,Premium,2025-06-07,customer523@example.com,0583866174,1
524,فيصل الرشيدي,Male,عنيزة,5,Premium,2024-06-15,customer524@example.com,0516886777,1
525,لطيفة الزهراني,Female,الطائف,2,Regular,2024-04-30,customer525@example.com,0510474177,1
526,نورة الزهراني,Female,الظهران,3,Premium,2024-01-06,customer526@example.com,0539108314,1
527,شهد الغامدي,Female,الظهران,3,Regular,2024-01-07,customer527@example.com,0593183589,1
528,أحمد الدوسري,Male,جدة,2,Regular,2024-12-23,,0599522760,1
529,هند القحطاني,Female,الرياض,1,Regular,2024-07-01,customer529@example.com,0598707799,1
530,ماجد المالكي,Male,بريدة,5,Regular,2024-02-06,customer530@example.com,0559468550,1
531,تركي العنزي,Male,الخرج,1,Regular,2024-05-17,customer531@example.com,0554185620,1
532,فهد الشمري,Male,بريدة,5,Regular,2025-06-25,customer532@example.com,0591171931,1
533,أمل الرشيدي,Female,الدمام,3,Regular,2024-12-28,customer533@example.com,0576625267,1
534,شهد الدوسري,Female,بريدة,5,Regular,2024-10-24,customer534@example.com,,0
535,فهد الشمري,Male,بريدة,5,Corporate,2025-02-27,,0595564277,1
536,فهد الحربي,Male,الطائف,2,Premium,2024-11-11,customer536@example.com,0510822924,1
537,هند الغامدي,Female,بريدة,5,Regular,2024-01-30,customer537@example.com,0555357116,1
538,شهد العتيبي,Female,عنيزة,5,Regular,2024-06-08,customer538@example.com,0582070563,1
539,أمل المالكي,Female,الرياض,1,Premium,2024-11-02,customer539@example.com,0584514623,1
540,سلطان السبيعي,Male,الدمام,3,Premium,2024-12-28,customer540@example.com,0514183991,1
541,عبير العنزي,Female,جدة,2,Regular,2025-02-02,customer541@example.com,0551376831,1
542,لطيفة العتيبي,Female,الطائف,2,Regular,2025-05-23,customer542@example.com,0550618137,1
543,ريم القحطاني,Female,الدمام,3,Premium,2024-07-25,customer543@example.com,0513346688,1
544,عبدالله المطيري,Male,الظهران,3,Premium,2025-06-20,customer544@example.com,0523187101,1
545,عبدالله المالكي,Male,الرياض,1,Regular,2025-06-18,customer545@example.com,0515909601,1
546,فيصل الزهراني,Male,الرياض,1,Regular,2024-11-15,,0595745109,1
547,الجوهرة الشمري,Female,الطائف,2,Regular,2024-11-22,customer547@example.com,0546595028,1
548,سارة العتيبي,Female,بريدة,5,Regular,2024-04-14,customer548@example.com,0552746321,1
549,منى الشمري,Female,جدة,2,Regular,2024-12-12,customer549@example.com,0513891332,1
550,محمد الغامدي,Male,الرياض,1,Regular,2025-02-05,customer550@example.com,0589558393,1
551,منى المطيري,Female,الطائف,2,Regular,2024-07-21,customer551@example.com,0581603135,0
552,منى الدوسري,Female,الخرج,1,Premium,2025-04-24,customer552@example.com,0596492401,1
553,شهد الشمري,Female,مكة,2,Regular,2024-09-21,customer553@example.com,0599279031,1
554,شهد الزهراني,Female,الرياض,1,Regular,2024-04-25,customer554@example.com,0532924595,1
555,منى الرشيدي,Female,جدة,2,Regular,2025-02-19,customer555@example.com,0553737494,1
556,سعود العنزي,Male,الظهران,3,Regular,2025-02-27,customer556@example.com,0531343341,1
557,سارة المطيري,Female,مكة,2,Premium,2025-03-17,customer557@example.com,0555929418,1
558,خالد السبيعي,Male,عنيزة,5,Regular,2025-05-13,customer558@example.com,0553671508,1
559,ريم الحربي,Female,الخبر,3,Regular,2024-04-21,customer559@example.com,0560856575,1
560,محمد الشمري,Male,جدة,2,Premium,2024-01-01,customer560@example.com,0570797197,1
561,منى الرشيدي,Female,الظهران,3,Regular,2024-11-20,customer561@example.com,0550876026,1
562,لطيفة المطيري,Female,الخرج,1,Regular,2025-06-06,customer562@example.com,0549484797,0
563,أحمد المالكي,Male,المدينة المنورة,4,Premium,2025-01-02,customer563@example.com,0514185545,1
564,عبير المطيري,Female,الخبر,3,Regular,2025-03-21,customer564@example.com,0573736162,1
565,هند الغامدي,Female,جدة,2,Regular,2024-05-08,customer565@example.com,0512108265,1
566,عبير الغامدي,Female,جدة,2,Regular,2025-03-01,customer566@example.com,0591125155,1
567,ماجد العنزي,Male,الخبر,3,Regular,2025-04-05,customer567@example.com,0567011913,1
568,لطيفة الشمري,Female,المدينة المنورة,4,Regular,2025-01-10,,0574863150,1
569,سلطان الزهراني,Male,الخرج,1,Regular,2025-06-23,customer569@example.com,0547503167,1
570,ناصر الرشيدي,Male,الخرج,1,Regular,2024-03-20,customer570@example.com,0587796412,1
571,فيصل العنزي,Male,الرياض,1,Regular,2025-06-08,customer571@example.com,0554495054,1
572,دانة الدوسري,Female,الرياض,1,Premium,2024-11-07,customer572@example.com,0518243352,1
573,سلطان العتيبي,Male,عنيزة,5,Corporate,2024-01-28,customer573@example.com,0577859961,0
574,دانة الدوسري,Female,بريدة,5,Regular,2024-09-20,,0533436273,1
575,عبدالعزيز الزهراني,Male,الدمام,3,Premium,2024-09-24,customer575@example.com,0534267798,1
576,فيصل القحطاني,Male,جدة,2,Regular,2024-06-06,customer576@example.com,0565424925,1
577,عبدالعزيز الزهراني,Male,عنيزة,5,Regular,2024-12-19,customer577@example.com,0525568500,0
578,أمل الزهراني,Female,الطائف,2,Regular,2025-06-29,customer578@example.com,0562354374,1
579,ناصر الغامدي,Male,الرياض,1,Regular,2025-04-04,customer579@example.com,0581169409,1
580,محمد العنزي,Male,عنيزة,5,Regular,2025-03-18,customer580@example.com,0546586490,1
581,سارة الحربي,Female,عنيزة,5,Regular,2025-04-17,customer581@example.com,0589017236,1
582,عبير المالكي,Female,جدة,2,Regular,2024-01-11,customer582@example.com,0511605433,1
583,عبدالعزيز الزهراني,Male,الدمام,3,Regular,2024-10-17,customer583@example.com,0593134088,1
584,سلطان السبيعي,Male,الخرج,1,Premium,2024-05-02,customer584@example.com,0560460287,1
585,محمد المالكي,Male,جدة,2,Regular,2025-04-23,customer585@example.com,0570860191,1
586,أمل المالكي,Female,عنيزة,5,Premium,2024-11-27,customer586@example.com,0547216895,1
587,أمل المطيري,Female,الرياض,1,Regular,2024-09-28,customer587@example.com,0536933352,1
588,عبدالعزيز الزهراني,Male,الخرج,1,Regular,2025-03-17,customer588@example.com,0569268093,1
589,أحمد القحطاني,Male,الخرج,1,Regular,2024-09-13,customer589@example.com,,1
590,أحمد السبيعي,Male,الخبر,3,Regular,2024-12-03,customer590@example.com,0579173535,1
591,شهد الغامدي,Female,الخبر,3,Premium,2024-03-12,customer591@example.com,,1
592,سارة الرشيدي,Female,المدينة المنورة,4,Corporate,2025-01-02,customer592@example.com,0517408103,1
593,فيصل العنزي,Male,الدمام,3,Regular,2025-04-15,customer593@example.com,0537262368,1
594,تركي السبيعي,Male,مكة,2,Regular,2025-02-03,customer594@example.com,0558219211,1
595,لطيفة الشمري,Female,جدة,2,Regular,2024-01-26,customer595@example.com,0575663681,1
596,شهد العنزي,Female,الظهران,3,Corporate,2024-01-17,,0515746469,1
597,عبدالعزيز السبيعي,Male,المدينة المنورة,4,Regular,2024-06-01,customer597@example.com,0519668169,0
598,ماجد السبيعي,Male,الرياض,1,Regular,2024-02-16,customer598@example.com,0511928065,1
599,سعود القحطاني,Male,الظهران,3,Regular,2024-03-06,customer599@example.com,0576725470,1
600,محمد الشمري,Male,الخبر,3,Regular,2025-02-15,customer600@example.com,0587304983,1
601,الجوهرة العتيبي,Female,بريدة,5,Regular,2024-03-05,customer601@example.com,0565721070,1
602,ليان الدوسري,Female,الظهران,3,Regular,2024-02-11,customer602@example.com,0594851724,1
603,أحمد الزهراني,Male,الخرج,1,Regular,2024-07-02,customer603@example.com,0589689161,1
604,لطيفة الزهراني,Female,جدة,2,Regular,2024-10-04,customer604@example.com,0533427561,1
605,سلطان الدوسري,Male,الظهران,3,Regular,2024-03-31,customer605@example.com,0556688115,1
606,عبدالله القحطاني,Male,المدينة المنورة,4,Corporate,2025-01-05,customer606@example.com,0578120967,1
607,سعود العتيبي,Male,مكة,2,Regular,2024-06-01,customer607@example.com,0573674613,1
608,عبدالعزيز العتيبي,Male,الرياض,1,Regular,2024-10-18,customer608@example.com,0592788091,1
609,نورة القحطاني,Female,الرياض,1,Corporate,2024-06-29,customer609@example.com,,1
610,عبدالله المالكي,Male,الظهران,3,Regular,2024-11-29,customer610@example.com,0553712695,1
611,فيصل الشمري,Male,الخرج,1,Regular,2025-02-26,customer611@example.com,0539616854,0
612,نورة الغامدي,Female,جدة,2,Regular,2025-04-10,customer612@example.com,0571436848,1
613,دانة الشمري,Female,الدمام,3,Regular,2024-03-02,customer613@example.com,0572482955,1
614,فيصل الشمري,Male,الطائف,2,Regular,2024-06-23,customer614@example.com,0540830120,1
615,الجوهرة الرشيدي,Female,الظهران,3,Premium,2024-10-12,,0543105363,1
616,منى الشمري,Female,بريدة,5,Corporate,2024-01-06,customer616@example.com,0573169926,1
617,تركي العنزي,Male,الخبر,3,Regular,2024-04-10,customer617@example.com,0584958851,1
618,الجوهرة الدوسري,Female,الدمام,3,Regular,2024-04-02,,0531716808,1
619,ماجد الزهراني,Male,جدة,2,Premium,2025-02-19,customer619@example.com,0594129142,1
620,عبدالعزيز القحطاني,Male,الخبر,3,Premium,2024-12-06,customer620@example.com,0546210517,1
621,عبدالعزيز القحطاني,Male,بريدة,5,Premium,2024-02-26,customer621@example.com,0558853980,1
622,تركي المطيري,Male,الظهران,3,Regular,2025-01-09,customer622@example.com,0518993381,1
623,خالد المطيري,Male,مكة,2,Regular,2025-05-04,customer623@example.com,0538158070,1
624,فيصل المطيري,Male,الطائف,2,Regular,2025-03-09,customer624@example.com,0556335527,1
625,ماجد المالكي,Male,المدينة المنورة,4,Premium,2025-06-29,customer625@example.com,0559411699,1
626,عبدالله الزهراني,Male,الخرج,1,Regular,2024-07-02,customer626@example.com,0524678711,1
627,فهد الدوسري,Male,الظهران,3,Regular,2024-07-28,customer627@example.com,0549348536,1
628,ماجد المطيري,Male,Riyadh,3,Regular,2024-01-22,customer628@example.com,0541182544,1
629,أمل الرشيدي,Female,الدمام,3,Premium,2024-11-30,customer629@example.com,0581157706,1
630,شهد الحربي,Female,بريدة,5,Regular,2024-11-09,customer630@example.com,0574994010,1
631,نورة الدوسري,Female,الدمام,3,Regular,2024-06-19,customer631@example.com,0581848989,1
632,فهد المالكي,Male,عنيزة,5,Premium,2024-06-14,customer632@example.com,0552496800,1
633,دانة المطيري,Female,RIYADH,2,Regular,2024-02-05,customer633@example.com,0529856736,1
634,ناصر الحربي,Male,الخرج,1,Corporate,2025-02-18,customer634@example.com,0571477186,1
635,أحمد المالكي,Male,المدينة المنورة,4,Corporate,2024-12-05,customer635@example.com,0548899945,1
636,سلطان المالكي,Male,الظهران,3,Regular,2024-04-25,customer636@example.com,0528713077,1
637,سعود العتيبي,Male,الخبر,3,Regular,2024-08-13,customer637@example.com,0517386489,1
638,سلطان العنزي,Male,مكة,2,Premium,2024-10-11,customer638@example.com,0569788371,1
639,ناصر الغامدي,Male,مكة,2,Regular,2025-06-07,customer639@example.com,0558461306,1
640,هند الغامدي,Female,الدمام,3,Regular,2024-12-19,customer640@example.com,0585300576,1
641,لطيفة الغامدي,Female,الظهران,3,Regular,2025-03-10,customer641@example.com,0588809974,1
642,عبدالله الحربي,Male,الظهران,3,Corporate,2025-06-21,customer642@example.com,0589279578,1
643,أحمد الغامدي,Male,عنيزة,5,Corporate,2025-02-28,customer643@example.com,0586224438,1
644,عبدالله الدوسري,Male,الخبر,3,Regular,2025-05-17,,0588545322,1
645,الجوهرة العتيبي,Female,الرياض,1,Regular,2024-11-03,customer645@example.com,0573423402,1
646,أمل الدوسري,Female,الظهران,3,Corporate,2024-09-07,,0576176080,1
647,سلطان المالكي,Male,الدمام,3,Regular,2025-03-22,customer647@example.com,0573893102,1
648,فيصل العنزي,Male,بريدة,5,Regular,2024-09-22,customer648@example.com,0552906872,1
649,فيصل الدوسري,Male,الرياض,1,Regular,2025-03-05,customer649@example.com,0516538403,1
650,ناصر الشمري,Male,عنيزة,5,Regular,2024-04-06,customer650@example.com,0553299559,1
651,دانة السبيعي,Female,الدمام,3,Regular,2024-12-26,customer651@example.com,,1
652,شهد الغامدي,Female,الدمام,3,Corporate,2024-06-15,customer652@example.com,0539677351,1
653,تركي الزهراني,Male,الخرج,1,Regular,2024-05-14,customer653@example.com,0551818682,1
654,ماجد الرشيدي,Male,المدينة المنورة,4,Premium,2024-12-16,customer654@example.com,0525917805,1
655,فهد الشمري,Male,الطائف,2,Regular,2024-05-13,customer655@example.com,0524995099,0
656,أمل العتيبي,Female,مكة,2,Regular,2025-06-09,customer656@example.com,0543958759,0
657,عبير العتيبي,Female,الخرج,1,Premium,2024-07-29,customer657@example.com,0557182050,0
658,فهد الحربي,Male,بريدة,5,Regular,2024-06-13,customer658@example.com,0592269619,1
659,محمد الرشيدي,Male,الرياض,1,Regular,2024-07-15,customer659@example.com,0582091897,0
660,عبدالله العنزي,Male,الظهران,3,Regular,2024-07-08,customer660@example.com,0534273079,1
661,أمل الشمري,Female,المدينة المنورة,4,Regular,2024-04-25,customer661@example.com,0572532267,1
662,ماجد المطيري,Male,الطائف,2,Regular,2024-02-11,customer662@example.com,0561644447,1
663,عبير الزهراني,Female,مكة,2,Regular,2024-10-24,customer663@example.com,0519342782,1
664,عبير المطيري,Female,جدة,2,Regular,2025-05-18,customer664@example.com,0580150556,1
665,محمد الدوسري,Male,الخبر,3,Regular,2024-04-14,customer665@example.com,0532645646,0
666,فيصل الشمري,Male,بريدة,5,Premium,2025-02-17,customer666@example.com,0576989425,1
667,عبير الغامدي,Female,الدمام,3,Regular,2025-02-18,customer667@example.com,0529780216,1
668,محمد الحربي,Male,الظهران,3,Regular,2024-05-17,,0519157497,1
669,خالد الغامدي,Male,بريدة,5,Premium,2024-06-05,customer669@example.com,0520269972,1
670,شهد الشمري,Female,الطائف,2,Premium,2025-05-17,customer670@example.com,0582548572,1
671,تركي القحطاني,Male,الخبر,3,Regular,2025-01-20,customer671@example.com,0533738978,1
672,لطيفة الدوسري,Female,الظهران,3,Regular,2024-11-15,customer672@example.com,0524681002,1
673,عبير العنزي,Female,عنيزة,5,Regular,2025-04-26,customer673@example.com,0578006116,0
674,شهد الرشيدي,Female,الخبر,3,Regular,2024-12-27,customer674@example.com,0518244186,0
675,خالد المطيري,Male,الدمام,3,Premium,2024-01-28,customer675@example.com,0561079694,1
676,هند الغامدي,Female,الدمام,3,Regular,2024-09-07,customer676@example.com,0589528254,1
677,سعود القحطاني,Male,الدمام,3,Regular,2024-11-29,,0566703371,1
678,دانة العتيبي,Female,الظهران,3,Regular,2024-11-20,customer678@example.com,0586844836,1
679,سارة المالكي,Female,عنيزة,5,Regular,2025-05-23,customer679@example.com,0555572210,1
680,هند الغامدي,Female,مكة,2,Regular,2024-03-18,customer680@example.com,0548568210,1
681,منى الغامدي,Female,مكة,2,Regular,2024-04-04,customer681@example.com,0589438729,1
682,سلطان العنزي,Male,الظهران,3,Regular,2024-12-21,customer682@example.com,0550513220,1
683,أمل السبيعي,Female,المدينة المنورة,4,Regular,2025-02-28,customer683@example.com,0570831313,1
684,أحمد السبيعي,Male,المدينة المنورة,4,Premium,2025-05-26,customer684@example.com,0572719315,1
685,منى المالكي,Female,عنيزة,5,Regular,2024-07-24,customer685@example.com,0530196097,1
686,أمل الغامدي,Female,الدمام,3,Premium,2024-03-06,customer686@example.com,0545827376,1
687,سعود السبيعي,Male,بريدة,5,Regular,2024-09-01,customer687@example.com,0542962076,1
688,شهد الزهراني,Female,المدينة المنورة,4,Corporate,2025-03-08,customer688@example.com,0531388734,1
689,سعود الحربي,Male,عنيزة,5,Regular,2024-02-13,customer689@example.com,0512672106,0
690,فيصل الرشيدي,Male,الطائف,2,Premium,2025-02-20,customer690@example.com,0522120705,1
691,عبدالله القحطاني,Male,بريدة,5,Premium,2024-05-03,customer691@example.com,0580499222,1
692,عبدالله الرشيدي,Male,الخرج,1,Premium,2024-11-16,customer692@example.com,0562338292,1
693,تركي الشمري,Male,جدة,2,Regular,2024-08-07,customer693@example.com,0544132362,1
694,ماجد العنزي,Male,الدمام,3,Premium,2024-04-25,customer694@example.com,0543064092,1
695,فيصل الزهراني,Male,الدمام,3,Premium,2024-01-22,customer695@example.com,0514672042,1
696,فهد السبيعي,Male,مكة,2,Regular,2025-01-28,customer696@example.com,0558701586,1
697,ناصر الشمري,Male,الظهران,3,Regular,2025-02-06,customer697@example.com,0550384524,1
698,سعود الشمري,Male,جدة,2,Corporate,2024-11-20,customer698@example.com,0564531161,1
699,سارة الزهراني,Female,الظهران,3,Premium,2024-12-06,customer699@example.com,0523474864,1
700,ليان القحطاني,Female,الدمام,3,Regular,2024-11-30,customer700@example.com,,0
701,عبدالعزيز الزهراني,Male,عنيزة,5,Regular,2025-02-14,customer701@example.com,0587283822,1
702,عبدالله العنزي,Male,عنيزة,5,Premium,2025-02-24,customer702@example.com,0574205127,1
703,سعود الدوسري,Male,عنيزة,5,Regular,2024-12-01,customer703@example.com,0565632768,1
704,أمل الرشيدي,Female,مكة,2,Regular,2024-01-24,customer704@example.com,0594104500,1
705,ماجد الشمري,Male,الطائف,2,Premium,2024-06-21,,0590583348,1
706,فيصل الدوسري,Male,بريدة,5,Regular,2025-06-22,customer706@example.com,0570895638,1
707,سارة الشمري,Female,مكة,2,Regular,2024-09-29,customer707@example.com,0527475058,1
708,سلطان الشمري,Male,الطائف,2,Premium,2024-07-12,customer708@example.com,0529588118,0
709,الجوهرة الرشيدي,Female,الظهران,3,Corporate,2025-01-13,customer709@example.com,0521507650,0
710,فيصل المالكي,Male,الخبر,3,Premium,2025-01-27,customer710@example.com,0544390017,0
711,أحمد المطيري,Male,مكة,2,Regular,2024-12-28,customer711@example.com,0590293348,1
712,أحمد الحربي,Male,المدينة المنورة,4,Regular,2024-11-05,customer712@example.com,0527748717,1
713,سلطان الدوسري,Male,الطائف,2,Regular,2025-05-19,customer713@example.com,0527705940,1
714,ريم الحربي,Female,الخرج,1,Regular,2024-05-10,customer714@example.com,0547715268,1
715,دانة الحربي,Female,بريدة,5,Premium,2024-09-27,customer715@example.com,0532143753,1
716,ريم العنزي,Female,عنيزة,5,Regular,2025-03-26,customer716@example.com,0540851360,1
717,دانة الدوسري,Female,الظهران,3,Regular,2025-05-21,,0585276619,1
718,سارة المالكي,Female,جدة,2,Regular,2024-04-05,customer718@example.com,0532588172,1
719,منى السبيعي,Female,بريدة,5,Regular,2024-01-05,customer719@example.com,0565890810,1
720,ماجد السبيعي,Male,الخرج,1,Premium,2024-01-27,customer720@example.com,0526373347,1
721,فيصل الدوسري,Male,الرياض,1,Regular,2025-05-06,customer721@example.com,0589752745,1
722,نورة السبيعي,Female,بريدة,5,Corporate,2024-11-28,customer722@example.com,0586391152,1
723,عبدالعزيز الحربي,Male,الدمام,3,Premium,2024-03-13,customer723@example.com,0522421986,1
724,عبدالله الغامدي,Male,الخرج,1,Regular,2024-08-01,customer724@example.com,0548243447,1
725,محمد الحربي,Male,الظهران,3,Premium,2024-11-13,customer725@example.com,0558190104,1
726,ليان الشمري,Female,الظهران,3,Regular,2025-02-01,customer726@example.com,0566783572,1
727,هند الرشيدي,Female,جدة,2,Regular,2025-03-12,customer727@example.com,0572213255,1
728,ماجد العنزي,Male,عنيزة,5,Regular,2024-03-26,customer728@example.com,0574103912,1
729,عبدالعزيز الحربي,Male,مكة,2,Regular,2024-10-29,customer729@example.com,0516052535,1
730,أمل القحطاني,Female,الظهران,3,Premium,2024-09-16,customer730@example.com,0577571186,0
731,ريم الدوسري,Female,الخبر,3,Regular,2025-03-02,customer731@example.com,0588813775,1
732,منى الحربي,Female,الدمام,3,Corporate,2024-07-10,customer732@example.com,0591074604,1
733,تركي العنزي,Male,الرياض,1,Regular,2024-04-29,,0571762034,1
734,دانة الرشيدي,Female,بريدة,5,Regular,2025-02-08,customer734@example.com,0528134687,0
735,أحمد المالكي,Male,مكة,2,Premium,2024-08-02,customer735@example.com,0542451191,1
736,محمد الحربي,Male,الظهران,3,Regular,2025-03-08,,0530457766,1
737,شهد الزهراني,Female,الرياض,1,Premium,2024-09-05,customer737@example.com,0562577566,0
738,محمد السبيعي,Male,الخبر,3,Corporate,2025-05-22,customer738@example.com,0584397493,1
739,ماجد الغامدي,Male,الظهران,3,Regular,2025-05-14,customer739@example.com,0512552775,1
740,ليان القحطاني,Female,الطائف,2,Premium,2025-03-03,customer740@example.com,0593576934,1
741,شهد المالكي,Female,الخبر,3,Regular,2024-10-21,customer741@example.com,0568802221,1
742,سلطان السبيعي,Male,الدمام,3,Corporate,2025-04-24,customer742@example.com,0562394739,1
743,شهد الدوسري,Female,بريدة,5,Regular,2024-03-29,customer743@example.com,0536774319,1
744,سارة الغامدي,Female,الظهران,3,Regular,2024-08-02,customer744@example.com,0558155542,1
745,عبير الدوسري,Female,جدة,2,Premium,2025-05-30,,0567796900,1
746,محمد العنزي,Male,مكة,2,Regular,2024-12-14,customer746@example.com,0584762274,1
747,فهد العنزي,Male,بريدة,5,Premium,2024-02-21,customer747@example.com,0571355706,1
748,محمد الرشيدي,Male,بريدة,5,Premium,2024-04-14,customer748@example.com,0524148036,1
749,عبدالله المطيري,Male,جدة,2,Premium,2025-03-28,customer749@example.com,0523327047,1
750,هند الدوسري,Female,الخرج,1,Premium,2025-03-25,customer750@example.com,0510884169,1
751,هند الحربي,Female,المدينة المنورة,4,Regular,2024-09-29,customer751@example.com,0558404738,1
752,خالد العنزي,Male,الخبر,3,Premium,2024-05-21,customer752@example.com,0564936566,1
753,نورة الزهراني,Female,جدة,2,Premium,2025-06-13,customer753@example.com,0552252354,1
754,تركي العتيبي,Male,الخبر,3,Premium,2024-06-03,customer754@example.com,0594772931,1
755,أمل الغامدي,Female,عنيزة,5,Premium,2024-11-07,customer755@example.com,0556192019,0
756,ليان الرشيدي,Female,جدة,2,Premium,2025-04-01,customer756@example.com,0593800137,1
757,لطيفة المطيري,Female,عنيزة,5,Regular,2024-07-21,customer757@example.com,0582133102,1
758,ناصر العنزي,Male,الطائف,2,Regular,2025-06-07,customer758@example.com,0595320264,1
759,ناصر الرشيدي,Male,الطائف,2,Regular,2024-11-07,customer759@example.com,0524823261,1
760,دانة السبيعي,Female,المدينة المنورة,4,Regular,2024-02-18,customer760@example.com,0570228445,1
761,ماجد المطيري,Male,مكة,2,Premium,2025-06-30,customer761@example.com,0550158160,1
762,فهد الغامدي,Male,المدينة المنورة,4,Premium,2024-04-17,customer762@example.com,0558488507,1
763,فهد الغامدي,Male,الخبر,3,Regular,2024-03-04,customer763@example.com,0538827874,1
764,عبير العنزي,Female,الخبر,3,Regular,2025-06-15,customer764@example.com,0588423925,1
765,شهد المالكي,Female,الظهران,3,Premium,2025-03-02,customer765@example.com,0527062291,1
766,ريم المالكي,Female,المدينة المنورة,4,Premium,2024-04-30,customer766@example.com,0514376489,1
767,سارة الرشيدي,Female,الخبر,3,Regular,2025-01-13,customer767@example.com,0530576183,1
768,هند الحربي,Female,الطائف,2,Regular,2024-05-26,customer768@example.com,0516529832,1
769,دانة الشمري,Female,جدة,2,Premium,2025-05-15,,0519068358,1
770,شهد الرشيدي,Female,الطائف,2,Regular,2024-12-11,customer770@example.com,0591296981,1
771,ناصر السبيعي,Male,الظهران,3,Premium,2025-04-04,customer771@example.com,0521987653,1
772,أمل الشمري,Female,الخبر,3,Regular,2024-02-16,customer772@example.com,0547228655,1
773,فهد العتيبي,Male,بريدة,5,Regular,2024-11-12,customer773@example.com,0585075065,1
774,سلطان العنزي,Male,مكة,2,Premium,2025-05-29,customer774@example.com,0581384965,1
775,سعود الشمري,Male,مكة,2,Premium,2025-03-30,customer775@example.com,0553007542,1
776,ماجد العتيبي,Male,الدمام,3,Regular,2025-02-28,,0561272646,1
777,محمد العنزي,Male,جدة,2,Regular,2024-07-06,customer777@example.com,0551177222,1
778,أحمد الرشيدي,Male,الدمام,3,Regular,2024-02-29,customer778@example.com,0529120731,1
779,دانة الغامدي,Female,الخرج,1,Regular,2024-09-02,customer779@example.com,0576166580,1
780,سارة الحربي,Female,الرياض,1,Regular,2025-02-20,customer780@example.com,,1
781,سعود العنزي,Male,بريدة,5,Premium,2024-09-09,customer781@example.com,0526853900,1
782,شهد القحطاني,Female,عنيزة,5,Regular,2024-05-25,customer782@example.com,0542905017,1
783,ليان الزهراني,Female,الرياض,1,Regular,2025-04-20,customer783@example.com,0597652074,1
784,أحمد الزهراني,Male,الطائف,2,Regular,2025-01-24,customer784@example.com,0538555376,1
785,نورة الدوسري,Female,Riyadh,4,Regular,2024-11-03,customer785@example.com,0528743541,1
786,أمل الشمري,Female,بريدة,5,Regular,2024-11-21,customer786@example.com,0595251058,1
787,دانة الشمري,Female,عنيزة,5,Corporate,2024-12-15,customer787@example.com,0554084785,0
788,عبدالعزيز العتيبي,Male,بريدة,5,Regular,2024-01-10,customer788@example.com,0575629343,1
789,عبدالعزيز السبيعي,Male,الخرج,1,Regular,2025-03-31,customer789@example.com,0560516391,1
790,أمل الدوسري,Female,الرياض,1,Regular,2025-01-14,customer790@example.com,0539732013,1
791,عبير المالكي,Female,الدمام,3,Regular,2024-11-06,customer791@example.com,0576277877,1
792,سعود الزهراني,Male,بريدة,5,Regular,2024-07-19,customer792@example.com,0524890990,1
793,ريم العنزي,Female,مكة,2,Premium,2024-06-28,customer793@example.com,0518730772,1
794,ناصر المالكي,Male,الطائف,2,Regular,2024-01-24,customer794@example.com,0581530199,1
795,نورة الغامدي,Female,عنيزة,5,Premium,2024-02-23,customer795@example.com,0564609958,1
796,شهد المطيري,Female,المدينة المنورة,4,Premium,2024-08-17,,0581458898,1
797,تركي الشمري,Male,الدمام,3,Regular,2024-01-26,customer797@example.com,0566884191,1
798,عبدالله الدوسري,Male,الدمام,3,Regular,2024-04-09,,0513224383,1
799,دانة الشمري,Female,الخرج,1,Regular,2024-12-14,customer799@example.com,0579749603,1
800,سلطان الرشيدي,Male,الظهران,3,Premium,2025-04-02,customer800@example.com,0518145263,1
801,هند المالكي,Female,الخرج,1,Premium,2024-03-04,customer801@example.com,0550462762,1
802,سارة القحطاني,Female,عنيزة,5,Regular,2024-02-23,customer802@example.com,0522862118,1
803,الجوهرة الرشيدي,Female,عنيزة,5,Regular,2025-04-09,customer803@example.com,0593243271,1
804,عبير السبيعي,Female,الرياض,1,Regular,2024-12-02,customer804@example.com,0511649345,1
805,سلطان الشمري,Male,بريدة,5,Regular,2025-06-05,customer805@example.com,0593329195,1
806,خالد العتيبي,Male,الرياض,1,Regular,2025-03-22,customer806@example.com,0558015538,1
807,خالد الزهراني,Male,الطائف,2,Regular,2024-10-25,customer807@example.com,,1
808,أحمد الشمري,Male,المدينة المنورة,4,Premium,2024-02-25,customer808@example.com,0536893461,1
809,محمد المطيري,Male,مكة,2,Premium,2025-04-23,customer809@example.com,0587632976,1
810,منى الحربي,Female,الخبر,3,Regular,2024-04-17,customer810@example.com,0515662934,1
811,عبدالعزيز الشمري,Male,مكة,2,Regular,2024-08-06,customer811@example.com,0554495204,1
812,الجوهرة الغامدي,Female,جدة,2,Premium,2024-01-07,customer812@example.com,0514028892,1
813,سعود الزهراني,Male,مكة,2,Regular,2025-01-03,,,1
814,عبدالله الحربي,Male,جدة,2,Regular,2024-09-08,customer814@example.com,,1
815,أحمد السبيعي,Male,جدة,2,Regular,2024-04-23,customer815@example.com,0571230621,1
816,عبير الدوسري,Female,المدينة المنورة,4,Corporate,2025-03-20,customer816@example.com,0529385367,1
817,عبدالله الشمري,Male,المدينة المنورة,4,Regular,2025-01-18,customer817@example.com,0595381661,1
818,سلطان الرشيدي,Male,مكة,2,Premium,2024-10-28,customer818@example.com,0517148298,1
819,ريم العنزي,Female,بريدة,5,Premium,2024-08-02,customer819@example.com,0599053757,1
820,ناصر الغامدي,Male,عنيزة,5,Premium,2025-01-18,customer820@example.com,0553194369,1
821,لطيفة الزهراني,Female,الظهران,3,Regular,2025-02-14,customer821@example.com,0597206259,0
822,عبدالله الزهراني,Male,مكة,2,Regular,2024-11-09,customer822@example.com,0531100279,1
823,دانة العنزي,Female,الخرج,1,Regular,2024-03-27,customer823@example.com,0540893911,1
824,ليان الرشيدي,Female,الدمام,3,Regular,2025-04-23,customer824@example.com,0576779099,1
825,نورة الدوسري,Female,الظهران,3,Regular,2024-03-18,customer825@example.com,0577345747,1
826,سعود الشمري,Male,الخرج,1,Regular,2025-01-03,,0536393422,1
827,دانة المالكي,Female,عنيزة,5,Premium,2024-07-14,customer827@example.com,0582897088,1
828,سعود الحربي,Male,الدمام,3,Premium,2025-02-17,customer828@example.com,0597954019,0
829,تركي الشمري,Male,مكة,2,Premium,2024-08-02,customer829@example.com,0584170763,1
830,هند القحطاني,Female,الدمام,3,Premium,2025-03-15,customer830@example.com,0538129989,1
831,فيصل الدوسري,Male,بريدة,5,Premium,2024-11-08,customer831@example.com,,1
832,هند الشمري,Female,الخبر,3,Regular,2025-02-17,customer832@example.com,0550216625,1
833,سلطان العتيبي,Male,جدة,2,Regular,2024-12-04,customer833@example.com,0591582537,1
834,أمل الشمري,Female,الخبر,3,Regular,2025-01-30,customer834@example.com,0586439010,1
835,سارة الدوسري,Female,الخرج,1,Premium,2024-06-30,,0575580570,0
836,محمد الغامدي,Male,الطائف,2,Regular,2024-10-25,customer836@example.com,0517711235,1
837,خالد المطيري,Male,الخبر,3,Regular,2024-04-23,customer837@example.com,0519229212,1
838,خالد الشمري,Male,الطائف,2,Regular,2025-05-01,customer838@example.com,0551649604,1
839,دانة الشمري,Female,الرياض,1,Corporate,2025-04-01,customer839@example.com,0543130320,1
840,شهد الزهراني,Female,بريدة,5,Regular,2024-04-03,customer840@example.com,0571244438,1
841,أمل الرشيدي,Female,جدة,2,Regular,2024-07-02,customer841@example.com,0571448654,1
842,فهد الرشيدي,Male,الخرج,1,Regular,2024-02-14,customer842@example.com,0546745629,1
843,عبير القحطاني,Female,مكة,2,Corporate,2025-02-25,customer843@example.com,0559490380,0
844,ناصر المطيري,Male,RIYADH,3,Regular,2024-09-15,customer844@example.com,0513586013,0
845,أمل المطيري,Female,الخبر,3,Premium,2025-02-10,,0528318112,1
846,شهد الزهراني,Female,الخرج,1,Regular,2024-09-05,customer846@example.com,0573188059,1
847,خالد العتيبي,Male,بريدة,5,Regular,2024-10-28,customer847@example.com,0532609429,0
848,عبدالعزيز الحربي,Male,جدة,2,Regular,2024-07-01,customer848@example.com,0581443936,1
849,عبدالعزيز العنزي,Male,عنيزة,5,Premium,2024-04-15,customer849@example.com,0517035056,1
850,تركي الشمري,Male,مكة,2,Regular,2024-09-01,customer850@example.com,,0
851,فيصل الشمري,Male,عنيزة,5,Premium,2024-08-13,customer851@example.com,0599135168,1
852,أحمد الغامدي,Male,المدينة المنورة,4,Regular,2024-11-30,customer852@example.com,0593842238,1
853,أمل القحطاني,Female,مكة,2,Regular,2024-12-31,customer853@example.com,,1
854,تركي الشمري,Male,الظهران,3,Regular,2024-10-12,customer854@example.com,0519037049,1
855,دانة الرشيدي,Female,الظهران,3,Corporate,2024-04-14,customer855@example.com,0586397410,1
856,سلطان المطيري,Male,عنيزة,5,Premium,2024-05-16,customer856@example.com,0552676804,1
857,سارة المطيري,Female,الرياض,1,Regular,2025-04-04,customer857@example.com,0541195619,1
858,عبدالله العتيبي,Male,بريدة,5,Premium,2024-05-07,customer858@example.com,0542688154,1
859,خالد المطيري,Male,الظهران,3,Regular,2024-06-04,customer859@example.com,0541952404,1
860,لطيفة المطيري,Female,جدة,2,Regular,2024-02-10,customer860@example.com,0596979318,1
861,عبدالله المالكي,Male,الدمام,3,Regular,2024-07-29,customer861@example.com,0599255596,1
862,سلطان الغامدي,Male,المدينة المنورة,4,Regular,2025-03-28,customer862@example.com,0575987111,0
863,أحمد السبيعي,Male,جدة,2,Corporate,2024-05-08,customer863@example.com,0537430524,1
864,تركي المالكي,Male,الظهران,3,Regular,2024-07-21,customer864@example.com,0543416111,1
865,عبير الشمري,Female,الطائف,2,Premium,2025-05-07,customer865@example.com,0563451468,1
866,شهد الغامدي,Female,المدينة المنورة,4,Regular,2025-03-19,customer866@example.com,0574693042,0
867,أمل القحطاني,Female,الطائف,2,Regular,2024-06-05,customer867@example.com,0561063166,1
868,دانة الغامدي,Female,المدينة المنورة,4,Regular,2024-03-14,customer868@example.com,0536268523,1
869,أحمد العتيبي,Male,المدينة المنورة,4,Premium,2025-01-18,customer869@example.com,0562968985,1
870,أمل الزهراني,Female,الطائف,2,Regular,2024-03-13,customer870@example.com,0526707088,1
871,عبدالله الغامدي,Male,الطائف,2,Premium,2024-12-22,customer871@example.com,0559416355,1
872,أمل المالكي,Female,مكة,2,Regular,2024-02-05,customer872@example.com,0513792466,1
873,سعود الرشيدي,Male,الظهران,3,Corporate,2024-05-30,customer873@example.com,0598933292,1
874,محمد القحطاني,Male,عنيزة,5,Premium,2025-01-28,customer874@example.com,0520784168,1
875,تركي الدوسري,Male,الخبر,3,Regular,2024-11-05,customer875@example.com,0561377017,1
876,لطيفة القحطاني,Female,الخرج,1,Regular,2024-12-18,customer876@example.com,0538122043,1
877,لطيفة الحربي,Female,الرياض,1,Corporate,2025-05-18,,0566081482,1
878,لطيفة الغامدي,Female,جدة,2,Regular,2024-07-09,customer878@example.com,0534425523,1
879,ماجد الرشيدي,Male,مكة,2,Regular,2024-03-01,customer879@example.com,0535754346,1
880,شهد السبيعي,Female,بريدة,5,Regular,2024-06-19,customer880@example.com,0526734478,1
881,نورة الرشيدي,Female,مكة,2,Regular,2024-04-13,,0510969945,1
882,محمد الشمري,Male,المدينة المنورة,4,Premium,2025-01-19,customer882@example.com,0545679876,1
883,هند الرشيدي,Female,الخبر,3,Regular,2024-12-17,customer883@example.com,0558480869,1
884,منى العتيبي,Female,الدمام,3,Premium,2024-04-12,,0563929804,1
885,أحمد الرشيدي,Male,الخرج,1,Premium,2024-10-13,customer885@example.com,0543358157,1
886,ليان الغامدي,Female,عنيزة,5,Regular,2024-11-25,,0516141035,1
887,عبير الزهراني,Female,مكة,2,Regular,2025-02-13,customer887@example.com,0556752592,1
888,عبير المالكي,Female,الخرج,1,Premium,2024-10-27,customer888@example.com,0579800523,1
889,خالد الزهراني,Male,الخرج,1,Regular,2025-04-23,customer889@example.com,0525526124,1
890,عبدالله الشمري,Male,جدة,2,Premium,2024-04-01,customer890@example.com,0513922081,1
891,أمل الحربي,Female,مكة,2,Premium,2025-05-02,customer891@example.com,0599318726,1
892,سارة المالكي,Female,الدمام,3,Premium,2024-03-07,customer892@example.com,0561224263,1
893,الجوهرة الشمري,Female,الطائف,2,Regular,2024-03-30,customer893@example.com,0589483803,1
894,سلطان المطيري,Male,جدة,2,Premium,2025-01-24,customer894@example.com,,0
895,تركي الغامدي,Male,الدمام,3,Premium,2024-05-09,customer895@example.com,0539815335,1
896,ناصر الزهراني,Male,الدمام,3,Regular,2024-10-30,customer896@example.com,0571174364,1
897,ريم المالكي,Female,عنيزة,5,Premium,2024-02-05,customer897@example.com,0526571059,1
898,عبير الشمري,Female,الظهران,3,Regular,2025-01-20,customer898@example.com,0530495346,1
899,فهد الشمري,Male,الرياض,1,Corporate,2024-07-02,customer899@example.com,0550144760,1
900,أحمد العنزي,Male,الخبر,3,Regular,2025-04-29,customer900@example.com,0562487600,0
901,دانة المالكي,Female,مكة,2,Premium,2025-02-07,customer901@example.com,0587897778,1
902,فهد الحربي,Male,الظهران,3,Premium,2024-05-20,customer902@example.com,0529437798,1
903,فهد السبيعي,Male,الرياض,1,Regular,2024-04-14,customer903@example.com,0529811269,1
904,عبير الدوسري,Female,الرياض,1,Regular,2025-04-30,customer904@example.com,0579180538,1
905,ريم السبيعي,Female,الخبر,3,Regular,2024-05-01,customer905@example.com,0590014633,1
906,لطيفة السبيعي,Female,عنيزة,5,Regular,2025-04-19,customer906@example.com,0546938871,1
907,هند العتيبي,Female,الخرج,1,Regular,2024-05-04,customer907@example.com,0578417285,1
908,دانة المالكي,Female,الخرج,1,Premium,2024-07-04,customer908@example.com,0568204387,1
909,محمد المطيري,Male,الخرج,1,Premium,2024-07-08,customer909@example.com,0562854477,1
910,سارة العنزي,Female,بريدة,5,Regular,2024-05-07,customer910@example.com,0598393430,1
911,سلطان المالكي,Male,جدة,2,Regular,2025-04-02,customer911@example.com,0527289389,1
912,محمد العنزي,Male,الطائف,2,Premium,2024-02-05,customer912@example.com,0550074450,1
913,تركي السبيعي,Male,الرياض,1,Regular,2024-02-17,customer913@example.com,0549379055,1
914,ريم الرشيدي,Female,الظهران,3,Premium,2025-06-19,customer914@example.com,0591359046,1
915,فهد القحطاني,Male,عنيزة,5,Premium,2024-08-30,,0538885391,1
916,سلطان المطيري,Male,الطائف,2,Regular,2025-03-08,customer916@example.com,0561241954,1
917,تركي الزهراني,Male,الخرج,1,Corporate,2025-03-11,customer917@example.com,0537348593,0
918,عبير المالكي,Female,عنيزة,5,Regular,2025-01-16,customer918@example.com,0578642629,1
919,ريم المطيري,Female,الخبر,3,Regular,2024-09-10,customer919@example.com,0524762625,1
920,سارة المطيري,Female,عنيزة,5,Regular,2024-12-07,customer920@example.com,0540301728,1
921,تركي الشمري,Male,الخبر,3,Corporate,2024-05-06,customer921@example.com,0551144384,1
922,سارة العنزي,Female,الدمام,3,Premium,2024-10-15,customer922@example.com,0516437523,1
923,ريم المطيري,Female,عنيزة,5,Corporate,2025-06-28,customer923@example.com,0564042937,1
924,سعود العتيبي,Male,عنيزة,5,Regular,2024-06-08,customer924@example.com,0586176717,1
925,فهد السبيعي,Male,الدمام,3,Premium,2024-09-12,customer925@example.com,0571443076,1
926,شهد العنزي,Female,الطائف,2,Regular,2025-03-14,customer926@example.com,0540704198,1
927,سعود الغامدي,Male,الدمام,3,Premium,2024-03-22,customer927@example.com,0522567290,1
928,محمد المالكي,Male,الطائف,2,Regular,2025-05-19,customer928@example.com,,1
929,ماجد الزهراني,Male,المدينة المنورة,4,Premium,2025-06-29,customer929@example.com,0592716588,1
930,فهد الغامدي,Male,المدينة المنورة,4,Premium,2024-09-07,customer930@example.com,0580881914,1
931,سلطان الزهراني,Male,جدة,2,Premium,2025-06-20,customer931@example.com,0559264742,1
932,نورة الغامدي,Female,الظهران,3,Regular,2025-01-17,customer932@example.com,0543522920,1
933,سعود الحربي,Male,الظهران,3,Regular,2024-08-06,,0562830980,1
934,عبير العنزي,Female,الرياض,1,Corporate,2025-05-14,customer934@example.com,,1
935,هند القحطاني,Female,الرياض,1,Regular,2024-07-09,customer935@example.com,,1
936,محمد العنزي,Male,المدينة المنورة,4,Premium,2025-02-24,customer936@example.com,0530888358,1
937,الجوهرة الزهراني,Female,الخبر,3,Regular,2025-01-08,customer937@example.com,0546169218,1
938,عبير الزهراني,Female,جدة,2,Regular,2025-03-20,,0536637470,1
939,نورة الدوسري,Female,الخبر,3,Regular,2024-12-05,customer939@example.com,0536708243,1
940,سارة الغامدي,Female,الظهران,3,Regular,2024-05-10,customer940@example.com,0563670451,1
941,ريم القحطاني,Female,الخرج,1,Premium,2024-05-09,customer941@example.com,0541743155,0
942,أمل الرشيدي,Female,Riyadh,1,Regular,2024-10-23,customer942@example.com,0567572954,1
943,فهد العنزي,Male,جدة,2,Regular,2024-04-27,customer943@example.com,0543199341,1
944,الجوهرة الزهراني,Female,الخرج,1,Premium,2025-05-29,customer944@example.com,0589349010,1
945,عبدالله القحطاني,Male,جدة,2,Regular,2024-10-07,customer945@example.com,0567217417,0
946,محمد العتيبي,Male,الخبر,3,Regular,2024-11-09,customer946@example.com,0539766168,1
947,نورة العنزي,Female,الخبر,3,Regular,2024-11-07,customer947@example.com,0557113712,1
948,فيصل العتيبي,Male,جدة,2,Regular,2024-02-23,customer948@example.com,0548294595,1
949,تركي الدوسري,Male,الطائف,2,Corporate,2025-01-07,customer949@example.com,0599784619,0
950,فيصل المطيري,Male,الدمام,3,Premium,2025-06-25,customer950@example.com,0547036972,1
951,سارة القحطاني,Female,جدة,2,Regular,2024-05-03,,0597826062,1
952,فهد الزهراني,Male,الخرج,1,Regular,2024-12-17,customer952@example.com,0537111862,1
953,أحمد الدوسري,Male,مكة,2,Regular,2024-09-15,customer953@example.com,0585208373,1
954,شهد السبيعي,Female,الخرج,1,Corporate,2024-03-10,customer954@example.com,0577628209,1
955,سلطان الحربي,Male,جدة,2,Regular,2024-03-03,customer955@example.com,0563350718,1
956,خالد الزهراني,Male,المدينة المنورة,4,Regular,2025-02-03,customer956@example.com,0534704966,0
957,سلطان المالكي,Male,الرياض,1,Premium,2025-06-09,customer957@example.com,0580474132,1
958,سعود المالكي,Male,الطائف,2,Regular,2024-06-24,customer958@example.com,0549170544,0
959,سعود الدوسري,Male,الطائف,2,Premium,2024-02-22,customer959@example.com,0538182016,1
960,عبدالعزيز المطيري,Male,عنيزة,5,Regular,2025-01-12,customer960@example.com,0583722452,1
961,تركي الرشيدي,Male,الطائف,2,Regular,2024-02-28,customer961@example.com,,1
962,ريم الحربي,Female,الرياض,1,Regular,2024-04-18,customer962@example.com,0597754868,1
963,ماجد الشمري,Male,الدمام,3,Regular,2025-02-08,customer963@example.com,0568237550,1
964,سارة الزهراني,Female,جدة,2,Regular,2024-06-29,customer964@example.com,0534213769,1
965,سعود الدوسري,Male,جدة,2,Premium,2024-07-11,customer965@example.com,0542917412,1
966,سارة المالكي,Female,المدينة المنورة,4,Regular,2024-01-13,customer966@example.com,0512780443,1
967,عبدالعزيز العتيبي,Male,جدة,2,Regular,2024-03-26,customer967@example.com,0590481940,0
968,محمد العنزي,Male,الدمام,3,Premium,2024-03-28,customer968@example.com,0585544613,1
969,سعود المطيري,Male,الظهران,3,Regular,2024-02-27,customer969@example.com,0582962489,1
970,محمد العنزي,Male,الطائف,2,Regular,2025-03-01,customer970@example.com,0513221342,1
971,ريم المطيري,Female,عنيزة,5,Regular,2025-01-28,customer971@example.com,0525087236,1
972,عبدالله القحطاني,Male,الطائف,2,Regular,2024-12-07,customer972@example.com,0521382241,1
973,خالد الغامدي,Male,المدينة المنورة,4,Regular,2024-07-04,customer973@example.com,0599559917,1
974,هند القحطاني,Female,الطائف,2,Corporate,2025-01-12,customer974@example.com,0520250139,1
975,عبدالعزيز الدوسري,Male,الدمام,3,Regular,2025-04-02,customer975@example.com,0574214057,1
976,سلطان الغامدي,Male,الطائف,2,Regular,2024-11-26,customer976@example.com,0561676160,1
977,أمل الزهراني,Female,الخبر,3,Regular,2024-12-07,customer977@example.com,0543005229,1
978,ليان العنزي,Female,الظهران,3,Regular,2024-08-23,customer978@example.com,0566618508,1
979,فهد القحطاني,Male,مكة,2,Regular,2024-07-27,customer979@example.com,,1
980,محمد العتيبي,Male,الدمام,3,Regular,2024-05-22,customer980@example.com,0584021128,1
981,الجوهرة الشمري,Female,مكة,2,Regular,2024-05-21,customer981@example.com,0529203413,1
982,فهد الغامدي,Male,الدمام,3,Regular,2024-04-18,customer982@example.com,0589715350,1
983,خالد المطيري,Male,جدة,2,Regular,2024-03-19,,0565900995,1
984,ماجد المالكي,Male,جدة,2,Premium,2024-11-02,customer984@example.com,0569589132,1
985,سعود القحطاني,Male,جدة,2,Regular,2024-02-02,customer985@example.com,0531521650,0
986,عبير الزهراني,Female,المدينة المنورة,4,Premium,2024-09-21,customer986@example.com,0540509683,1
987,سعود القحطاني,Male,المدينة المنورة,4,Regular,2024-05-08,customer987@example.com,0517515766,1
988,فهد العنزي,Male,بريدة,5,Premium,2025-04-24,customer988@example.com,0564371584,1
989,أحمد المطيري,Male,عنيزة,5,Regular,2024-10-03,customer989@example.com,0590958813,1
990,نورة الشمري,Female,الطائف,2,Regular,2024-04-19,customer990@example.com,0551489399,1
991,عبدالعزيز العتيبي,Male,مكة,2,Regular,2024-02-15,customer991@example.com,0516131148,0
992,سعود العتيبي,Male,الدمام,3,Premium,2025-02-11,customer992@example.com,0562430988,1
993,فهد السبيعي,Male,الخرج,1,Regular,2025-05-30,customer993@example.com,0530157712,0
994,شهد الرشيدي,Female,الرياض,1,Regular,2024-06-04,customer994@example.com,0594013952,1
995,عبدالله السبيعي,Male,عنيزة,5,Regular,2024-06-13,customer995@example.com,0591703555,1
996,عبدالله العتيبي,Male,عنيزة,5,Regular,2024-12-02,customer5@example.com,0547463522,1
997,سعود الدوسري,Male,الخرج,1,Regular,2024-02-09,customer4@example.com,0571780854,1
998,عبدالله الدوسري,Male,جدة,2,Premium,2024-01-26,customer3@example.com,0565259205,1
999,فيصل الشمري,Male,عنيزة,5,Regular,2024-04-15,customer2@example.com,0564543049,1
1000,ناصر العتيبي,Male,الدمام,3,Regular,2024-05-31,customer1@example.com,0558942697,1
